order_item_id,order_id,product_id,quantity,unit_price
oi_001,ord_001,prod_001,3,49.99
oi_002,ord_002,prod_008,2,19.99
oi_003,ord_002,prod_004,5,84.03
oi_004,ord_003,prod_019,4,12.5
oi_005,ord_004,prod_001,1,49.99
oi_006,ord_005,prod_008,5,19.99
oi_007,ord_005,prod_020,1,18.0
oi_008,ord_006,prod_018,4,55.0
oi_009,ord_006,prod_008,4,19.99
oi_010,ord_007,prod_001,2,49.99
oi_011,ord_007,prod_014,3,15.0
oi_012,ord_007,prod_009,2,49.99
oi_013,ord_008,prod_011,1,67.99
oi_014,ord_008,prod_003,4,78.0
oi_015,ord_009,prod_012,3,45.0
oi_016,ord_010,prod_002,4,89.5
oi_017,ord_010,prod_018,1,55.0
oi_018,ord_010,prod_013,1,24.99
oi_019,ord_011,prod_020,3,18.0
oi_020,ord_011,prod_019,2,12.5
oi_021,ord_011,prod_003,1,78.0
oi_022,ord_012,prod_010,1,9.99
oi_023,ord_012,prod_008,1,19.99
oi_024,ord_013,prod_009,4,49.99
oi_025,ord_013,prod_012,2,45.0
oi_026,ord_013,prod_012,3,45.0
oi_027,ord_013,prod_007,3,59.99
oi_028,ord_014,prod_020,2,18.0
oi_029,ord_015,prod_006,4,124.5
oi_030,ord_015,prod_013,3,24.99
oi_031,ord_016,prod_011,1,67.99
oi_032,ord_016,prod_008,1,19.99
oi_033,ord_017,prod_013,3,24.99
oi_034,ord_017,prod_003,2,78.0
oi_035,ord_017,prod_019,3,12.5
oi_036,ord_018,prod_016,4,94.0
oi_037,ord_018,prod_015,2,30.76
oi_038,ord_019,prod_005,2,89.0
oi_039,ord_019,prod_018,5,55.0
oi_040,ord_019,prod_009,5,49.99
oi_041,ord_020,prod_019,4,12.5
oi_042,ord_020,prod_012,2,45.0
oi_043,ord_020,prod_005,5,89.0
oi_044,ord_020,prod_016,1,94.0
oi_045,ord_021,prod_004,2,84.03
oi_046,ord_022,prod_014,5,15.0
oi_047,ord_022,prod_003,4,78.0
oi_048,ord_023,prod_020,4,18.0
oi_049,ord_023,prod_017,3,39.99
oi_050,ord_023,prod_018,1,55.0
oi_051,ord_023,prod_004,5,84.03
oi_052,ord_024,prod_011,1,67.99
oi_053,ord_024,prod_010,4,9.99
oi_054,ord_024,prod_006,4,124.5
oi_055,ord_025,prod_009,5,49.99
oi_056,ord_026,prod_017,1,39.99
oi_057,ord_026,prod_010,5,9.99
oi_058,ord_027,prod_005,3,89.0
oi_059,ord_027,prod_006,5,124.5
oi_060,ord_028,prod_020,3,18.0
oi_061,ord_029,prod_001,1,49.99
oi_062,ord_029,prod_012,3,45.0
oi_063,ord_029,prod_008,1,19.99
oi_064,ord_029,prod_008,5,19.99
oi_065,ord_030,prod_003,4,78.0
oi_066,ord_031,prod_018,2,55.0
oi_067,ord_032,prod_016,5,94.0
oi_068,ord_032,prod_006,3,124.5
oi_069,ord_033,prod_007,5,59.99
oi_070,ord_033,prod_007,3,59.99
oi_071,ord_033,prod_013,3,24.99
oi_072,ord_033,prod_015,5,30.76
oi_073,ord_034,prod_004,2,84.03
oi_074,ord_034,prod_008,1,19.99
oi_075,ord_034,prod_011,1,67.99
oi_076,ord_034,prod_019,5,12.5
oi_077,ord_035,prod_019,2,12.5
oi_078,ord_035,prod_001,1,49.99
oi_079,ord_036,prod_008,1,19.99
oi_080,ord_037,prod_011,1,67.99
oi_081,ord_038,prod_009,4,49.99
oi_082,ord_038,prod_007,5,59.99
oi_083,ord_039,prod_019,5,12.5
oi_084,ord_039,prod_016,2,94.0
oi_085,ord_040,prod_014,2,15.0
oi_086,ord_040,prod_004,1,84.03
oi_087,ord_040,prod_014,3,15.0
oi_088,ord_040,prod_014,4,15.0
oi_089,ord_041,prod_002,1,89.5
oi_090,ord_041,prod_002,4,89.5
oi_091,ord_041,prod_011,1,67.99
oi_092,ord_041,prod_008,2,19.99
oi_093,ord_042,prod_018,4,55.0
oi_094,ord_042,prod_005,4,89.0
oi_095,ord_043,prod_009,4,49.99
oi_096,ord_043,prod_008,1,19.99
oi_097,ord_044,prod_018,1,55.0
oi_098,ord_044,prod_002,5,89.5
oi_099,ord_044,prod_001,1,49.99
oi_100,ord_044,prod_008,2,19.99
oi_101,ord_045,prod_016,4,94.0
oi_102,ord_045,prod_007,4,59.99
oi_103,ord_045,prod_002,2,89.5
oi_104,ord_045,prod_013,1,24.99
oi_105,ord_046,prod_009,4,49.99
oi_106,ord_046,prod_010,4,9.99
oi_107,ord_046,prod_018,4,55.0
oi_108,ord_046,prod_005,2,89.0
oi_109,ord_047,prod_007,1,59.99
oi_110,ord_047,prod_019,5,12.5
oi_111,ord_047,prod_002,3,89.5
oi_112,ord_048,prod_002,5,89.5
oi_113,ord_049,prod_017,5,39.99
oi_114,ord_049,prod_006,1,124.5
oi_115,ord_049,prod_017,1,39.99
oi_116,ord_049,prod_006,1,124.5
oi_117,ord_050,prod_008,4,19.99
oi_118,ord_051,prod_019,2,12.5
oi_119,ord_052,prod_020,1,18.0
oi_120,ord_053,prod_019,5,12.5
oi_121,ord_053,prod_017,3,39.99
oi_122,ord_053,prod_009,2,49.99
oi_123,ord_053,prod_011,2,67.99
oi_124,ord_054,prod_013,2,24.99
oi_125,ord_054,prod_010,4,9.99
oi_126,ord_054,prod_011,1,67.99
oi_127,ord_055,prod_015,5,30.76
oi_128,ord_056,prod_003,5,78.0
oi_129,ord_057,prod_017,3,39.99
oi_130,ord_057,prod_005,3,89.0
oi_131,ord_058,prod_008,3,19.99
oi_132,ord_059,prod_006,4,124.5
oi_133,ord_059,prod_018,3,55.0
oi_134,ord_059,prod_020,5,18.0
oi_135,ord_060,prod_018,3,55.0
oi_136,ord_061,prod_005,3,89.0
oi_137,ord_062,prod_004,5,84.03
oi_138,ord_063,prod_009,3,49.99
oi_139,ord_063,prod_020,2,18.0
oi_140,ord_064,prod_007,3,59.99
oi_141,ord_064,prod_017,4,39.99
oi_142,ord_064,prod_009,1,49.99
oi_143,ord_065,prod_014,3,15.0
oi_144,ord_066,prod_001,3,49.99
oi_145,ord_067,prod_009,2,49.99
oi_146,ord_067,prod_015,5,30.76
oi_147,ord_068,prod_018,1,55.0
oi_148,ord_068,prod_004,1,84.03
oi_149,ord_068,prod_005,5,89.0
oi_150,ord_068,prod_002,3,89.5
oi_151,ord_069,prod_014,2,15.0
oi_152,ord_069,prod_002,3,89.5
oi_153,ord_070,prod_002,3,89.5
oi_154,ord_070,prod_007,2,59.99
oi_155,ord_070,prod_004,3,84.03
oi_156,ord_071,prod_020,2,18.0
oi_157,ord_071,prod_008,2,19.99
oi_158,ord_071,prod_006,4,124.5
oi_159,ord_071,prod_001,2,49.99
oi_160,ord_072,prod_014,2,15.0
oi_161,ord_072,prod_009,2,49.99
oi_162,ord_072,prod_004,4,84.03
oi_163,ord_073,prod_016,2,94.0
oi_164,ord_074,prod_015,3,30.76
oi_165,ord_074,prod_010,2,9.99
oi_166,ord_075,prod_001,2,49.99
oi_167,ord_075,prod_013,3,24.99
oi_168,ord_076,prod_003,3,78.0
oi_169,ord_076,prod_012,5,45.0
oi_170,ord_076,prod_013,5,24.99
oi_171,ord_077,prod_001,1,49.99
oi_172,ord_077,prod_009,2,49.99
oi_173,ord_077,prod_019,3,12.5
oi_174,ord_078,prod_004,5,84.03
oi_175,ord_079,prod_012,3,45.0
oi_176,ord_079,prod_014,5,15.0
oi_177,ord_079,prod_017,1,39.99
oi_178,ord_079,prod_013,5,24.99
oi_179,ord_080,prod_009,1,49.99
oi_180,ord_080,prod_014,1,15.0
oi_181,ord_081,prod_012,4,45.0
oi_182,ord_081,prod_003,3,78.0
oi_183,ord_082,prod_004,3,84.03
oi_184,ord_082,prod_017,3,39.99
oi_185,ord_082,prod_014,3,15.0
oi_186,ord_083,prod_010,5,9.99
oi_187,ord_083,prod_005,2,89.0
oi_188,ord_083,prod_014,4,15.0
oi_189,ord_083,prod_006,5,124.5
oi_190,ord_084,prod_013,5,24.99
oi_191,ord_084,prod_001,3,49.99
oi_192,ord_084,prod_010,2,9.99
oi_193,ord_085,prod_019,5,12.5
oi_194,ord_085,prod_011,4,67.99
oi_195,ord_085,prod_015,4,30.76
oi_196,ord_085,prod_007,5,59.99
oi_197,ord_086,prod_006,1,124.5
oi_198,ord_086,prod_010,5,9.99
oi_199,ord_086,prod_020,3,18.0
oi_200,ord_086,prod_003,2,78.0
oi_201,ord_087,prod_008,2,19.99
oi_202,ord_087,prod_005,1,89.0
oi_203,ord_087,prod_002,2,89.5
oi_204,ord_088,prod_020,1,18.0
oi_205,ord_088,prod_015,4,30.76
oi_206,ord_088,prod_019,2,12.5
oi_207,ord_088,prod_013,4,24.99
oi_208,ord_089,prod_008,2,19.99
oi_209,ord_089,prod_001,1,49.99
oi_210,ord_089,prod_014,2,15.0
oi_211,ord_089,prod_006,5,124.5
oi_212,ord_090,prod_002,5,89.5
oi_213,ord_090,prod_008,1,19.99
oi_214,ord_090,prod_015,2,30.76
oi_215,ord_090,prod_015,5,30.76
oi_216,ord_091,prod_015,5,30.76
oi_217,ord_091,prod_017,4,39.99
oi_218,ord_091,prod_018,4,55.0
oi_219,ord_092,prod_016,4,94.0
oi_220,ord_092,prod_009,2,49.99
oi_221,ord_093,prod_017,4,39.99
oi_222,ord_093,prod_008,3,19.99
oi_223,ord_093,prod_015,1,30.76
oi_224,ord_094,prod_008,3,19.99
oi_225,ord_094,prod_011,3,67.99
oi_226,ord_094,prod_018,1,55.0
oi_227,ord_095,prod_005,2,89.0
oi_228,ord_095,prod_013,2,24.99
oi_229,ord_096,prod_003,4,78.0
oi_230,ord_096,prod_014,3,15.0
oi_231,ord_097,prod_014,1,15.0
oi_232,ord_097,prod_007,4,59.99
oi_233,ord_097,prod_013,5,24.99
oi_234,ord_097,prod_001,5,49.99
oi_235,ord_098,prod_016,1,94.0
oi_236,ord_098,prod_012,3,45.0
oi_237,ord_098,prod_013,4,24.99
oi_238,ord_098,prod_018,5,55.0
oi_239,ord_099,prod_016,2,94.0
oi_240,ord_099,prod_009,4,49.99
oi_241,ord_100,prod_001,4,49.99
oi_242,ord_100,prod_011,4,67.99
oi_243,ord_100,prod_006,4,124.5
oi_244,ord_100,prod_005,5,89.0
oi_245,ord_101,prod_013,5,24.99
oi_246,ord_102,prod_003,4,78.0
oi_247,ord_103,prod_015,2,30.76
oi_248,ord_103,prod_002,3,89.5
oi_249,ord_104,prod_011,2,67.99
oi_250,ord_104,prod_015,3,30.76
oi_251,ord_104,prod_011,4,67.99
oi_252,ord_104,prod_009,4,49.99
oi_253,ord_105,prod_003,4,78.0
oi_254,ord_105,prod_001,5,49.99
oi_255,ord_105,prod_002,3,89.5
oi_256,ord_106,prod_003,1,78.0
oi_257,ord_106,prod_001,2,49.99
oi_258,ord_107,prod_001,5,49.99
oi_259,ord_107,prod_005,2,89.0
oi_260,ord_108,prod_016,1,94.0
oi_261,ord_108,prod_019,2,12.5
oi_262,ord_109,prod_009,3,49.99
oi_263,ord_109,prod_006,5,124.5
oi_264,ord_109,prod_020,1,18.0
oi_265,ord_109,prod_006,3,124.5
oi_266,ord_110,prod_019,1,12.5
oi_267,ord_111,prod_019,4,12.5
oi_268,ord_111,prod_013,2,24.99
oi_269,ord_111,prod_003,5,78.0
oi_270,ord_112,prod_004,3,84.03
oi_271,ord_112,prod_020,1,18.0
oi_272,ord_113,prod_012,5,45.0
oi_273,ord_114,prod_012,1,45.0
oi_274,ord_114,prod_017,3,39.99
oi_275,ord_114,prod_001,4,49.99
oi_276,ord_114,prod_016,1,94.0
oi_277,ord_115,prod_012,4,45.0
oi_278,ord_115,prod_005,4,89.0
oi_279,ord_115,prod_006,5,124.5
oi_280,ord_115,prod_009,5,49.99
oi_281,ord_116,prod_015,4,30.76
oi_282,ord_116,prod_019,3,12.5
oi_283,ord_116,prod_011,2,67.99
oi_284,ord_116,prod_003,3,78.0
oi_285,ord_117,prod_008,4,19.99
oi_286,ord_117,prod_019,5,12.5
oi_287,ord_117,prod_013,3,24.99
oi_288,ord_117,prod_001,4,49.99
oi_289,ord_118,prod_006,4,124.5
oi_290,ord_118,prod_007,3,59.99
oi_291,ord_118,prod_009,3,49.99
oi_292,ord_119,prod_020,3,18.0
oi_293,ord_119,prod_018,1,55.0
oi_294,ord_119,prod_017,2,39.99
oi_295,ord_120,prod_008,4,19.99
oi_296,ord_121,prod_018,2,55.0
oi_297,ord_121,prod_016,4,94.0
oi_298,ord_121,prod_015,1,30.76
oi_299,ord_121,prod_003,3,78.0
oi_300,ord_122,prod_013,2,24.99
oi_301,ord_122,prod_010,5,9.99
oi_302,ord_123,prod_016,5,94.0
oi_303,ord_123,prod_017,3,39.99
oi_304,ord_123,prod_014,5,15.0
oi_305,ord_124,prod_012,4,45.0
oi_306,ord_124,prod_009,3,49.99
oi_307,ord_124,prod_009,2,49.99
oi_308,ord_125,prod_007,3,59.99
oi_309,ord_126,prod_018,2,55.0
oi_310,ord_127,prod_007,4,59.99
oi_311,ord_127,prod_009,5,49.99
oi_312,ord_128,prod_004,2,84.03
oi_313,ord_128,prod_010,2,9.99
oi_314,ord_128,prod_012,2,45.0
oi_315,ord_129,prod_001,5,49.99
oi_316,ord_129,prod_005,3,89.0
oi_317,ord_129,prod_002,1,89.5
oi_318,ord_130,prod_005,4,89.0
oi_319,ord_130,prod_004,1,84.03
oi_320,ord_130,prod_019,3,12.5
oi_321,ord_131,prod_016,4,94.0
oi_322,ord_131,prod_011,2,67.99
oi_323,ord_131,prod_002,3,89.5
oi_324,ord_131,prod_016,1,94.0
oi_325,ord_132,prod_013,4,24.99
oi_326,ord_133,prod_019,1,12.5
oi_327,ord_134,prod_005,5,89.0
oi_328,ord_134,prod_010,1,9.99
oi_329,ord_135,prod_004,5,84.03
oi_330,ord_135,prod_014,5,15.0
oi_331,ord_136,prod_017,4,39.99
oi_332,ord_136,prod_015,4,30.76
oi_333,ord_137,prod_019,4,12.5
oi_334,ord_137,prod_010,5,9.99
oi_335,ord_137,prod_020,1,18.0
oi_336,ord_138,prod_007,2,59.99
oi_337,ord_139,prod_003,2,78.0
oi_338,ord_139,prod_008,2,19.99
oi_339,ord_139,prod_018,1,55.0
oi_340,ord_140,prod_001,4,49.99
oi_341,ord_140,prod_015,5,30.76
oi_342,ord_141,prod_010,1,9.99
oi_343,ord_141,prod_008,3,19.99
oi_344,ord_141,prod_010,4,9.99
oi_345,ord_141,prod_003,2,78.0
oi_346,ord_142,prod_019,2,12.5
oi_347,ord_142,prod_014,1,15.0
oi_348,ord_142,prod_018,2,55.0
oi_349,ord_143,prod_009,2,49.99
oi_350,ord_143,prod_003,1,78.0
oi_351,ord_144,prod_010,5,9.99
oi_352,ord_144,prod_019,3,12.5
oi_353,ord_145,prod_004,4,84.03
oi_354,ord_145,prod_010,4,9.99
oi_355,ord_145,prod_009,5,49.99
oi_356,ord_145,prod_018,4,55.0
oi_357,ord_146,prod_003,5,78.0
oi_358,ord_146,prod_002,4,89.5
oi_359,ord_146,prod_011,5,67.99
oi_360,ord_146,prod_009,1,49.99
oi_361,ord_147,prod_008,5,19.99
oi_362,ord_148,prod_009,5,49.99
oi_363,ord_149,prod_006,4,124.5
oi_364,ord_150,prod_009,2,49.99
oi_365,ord_150,prod_019,4,12.5
oi_366,ord_150,prod_016,1,94.0
oi_367,ord_150,prod_016,3,94.0
oi_368,ord_151,prod_011,3,67.99
oi_369,ord_151,prod_004,2,84.03
oi_370,ord_151,prod_011,4,67.99
oi_371,ord_151,prod_016,3,94.0
oi_372,ord_152,prod_018,1,55.0
oi_373,ord_152,prod_015,1,30.76
oi_374,ord_152,prod_011,3,67.99
oi_375,ord_152,prod_011,1,67.99
oi_376,ord_153,prod_017,1,39.99
oi_377,ord_153,prod_018,4,55.0
oi_378,ord_153,prod_014,1,15.0
oi_379,ord_153,prod_007,5,59.99
oi_380,ord_154,prod_020,4,18.0
oi_381,ord_154,prod_015,1,30.76
oi_382,ord_154,prod_007,3,59.99
oi_383,ord_155,prod_010,4,9.99
oi_384,ord_155,prod_016,1,94.0
oi_385,ord_156,prod_020,2,18.0
oi_386,ord_157,prod_010,5,9.99
oi_387,ord_157,prod_001,5,49.99
oi_388,ord_158,prod_003,2,78.0
oi_389,ord_158,prod_004,4,84.03
oi_390,ord_158,prod_004,2,84.03
oi_391,ord_158,prod_016,3,94.0
oi_392,ord_159,prod_014,4,15.0
oi_393,ord_159,prod_016,2,94.0
oi_394,ord_159,prod_015,5,30.76
oi_395,ord_160,prod_013,2,24.99
oi_396,ord_160,prod_020,5,18.0
oi_397,ord_161,prod_003,3,78.0
oi_398,ord_161,prod_014,3,15.0
oi_399,ord_162,prod_001,3,49.99
oi_400,ord_162,prod_010,5,9.99
oi_401,ord_162,prod_019,4,12.5
oi_402,ord_163,prod_015,5,30.76
oi_403,ord_163,prod_016,3,94.0
oi_404,ord_164,prod_018,5,55.0
oi_405,ord_164,prod_013,4,24.99
oi_406,ord_164,prod_011,2,67.99
oi_407,ord_165,prod_019,4,12.5
oi_408,ord_165,prod_008,4,19.99
oi_409,ord_166,prod_011,4,67.99
oi_410,ord_167,prod_013,2,24.99
oi_411,ord_167,prod_016,1,94.0
oi_412,ord_167,prod_005,5,89.0
oi_413,ord_167,prod_019,3,12.5
oi_414,ord_168,prod_015,1,30.76
oi_415,ord_169,prod_001,2,49.99
oi_416,ord_169,prod_014,2,15.0
oi_417,ord_169,prod_003,4,78.0
oi_418,ord_169,prod_009,3,49.99
oi_419,ord_170,prod_003,3,78.0
oi_420,ord_170,prod_018,4,55.0
oi_421,ord_170,prod_011,4,67.99
oi_422,ord_170,prod_018,1,55.0
oi_423,ord_171,prod_008,3,19.99
oi_424,ord_172,prod_003,4,78.0
oi_425,ord_172,prod_004,1,84.03
oi_426,ord_173,prod_006,3,124.5
oi_427,ord_173,prod_001,1,49.99
oi_428,ord_173,prod_011,1,67.99
oi_429,ord_173,prod_010,3,9.99
oi_430,ord_174,prod_014,2,15.0
oi_431,ord_174,prod_008,5,19.99
oi_432,ord_174,prod_014,5,15.0
oi_433,ord_175,prod_006,2,124.5
oi_434,ord_175,prod_003,5,78.0
oi_435,ord_176,prod_020,2,18.0
oi_436,ord_176,prod_016,5,94.0
oi_437,ord_176,prod_005,2,89.0
oi_438,ord_176,prod_015,3,30.76
oi_439,ord_177,prod_009,1,49.99
oi_440,ord_177,prod_015,3,30.76
oi_441,ord_177,prod_018,2,55.0
oi_442,ord_177,prod_003,4,78.0
oi_443,ord_178,prod_019,3,12.5
oi_444,ord_178,prod_014,3,15.0
oi_445,ord_178,prod_015,3,30.76
oi_446,ord_179,prod_013,4,24.99
oi_447,ord_179,prod_004,2,84.03
oi_448,ord_180,prod_019,3,12.5
oi_449,ord_180,prod_019,3,12.5
oi_450,ord_180,prod_010,1,9.99
oi_451,ord_180,prod_013,3,24.99
oi_452,ord_181,prod_019,1,12.5
oi_453,ord_182,prod_010,2,9.99
oi_454,ord_182,prod_020,3,18.0
oi_455,ord_182,prod_008,2,19.99
oi_456,ord_182,prod_020,3,18.0
oi_457,ord_183,prod_004,1,84.03
oi_458,ord_183,prod_010,4,9.99
oi_459,ord_184,prod_019,3,12.5
oi_460,ord_185,prod_003,3,78.0
oi_461,ord_185,prod_011,4,67.99
oi_462,ord_186,prod_007,2,59.99
oi_463,ord_186,prod_018,3,55.0
oi_464,ord_187,prod_006,3,124.5
oi_465,ord_187,prod_016,3,94.0
oi_466,ord_187,prod_011,1,67.99
oi_467,ord_188,prod_003,2,78.0
oi_468,ord_188,prod_008,4,19.99
oi_469,ord_188,prod_018,3,55.0
oi_470,ord_188,prod_003,4,78.0
oi_471,ord_189,prod_009,5,49.99
oi_472,ord_190,prod_015,3,30.76
oi_473,ord_191,prod_019,4,12.5
oi_474,ord_191,prod_012,1,45.0
oi_475,ord_191,prod_008,4,19.99
oi_476,ord_192,prod_020,5,18.0
oi_477,ord_193,prod_020,2,18.0
oi_478,ord_193,prod_003,4,78.0
oi_479,ord_193,prod_010,4,9.99
oi_480,ord_194,prod_005,1,89.0
oi_481,ord_195,prod_010,4,9.99
oi_482,ord_196,prod_004,2,84.03
oi_483,ord_197,prod_013,4,24.99
oi_484,ord_197,prod_012,5,45.0
oi_485,ord_198,prod_019,2,12.5
oi_486,ord_198,prod_014,1,15.0
oi_487,ord_198,prod_016,5,94.0
oi_488,ord_198,prod_014,3,15.0
oi_489,ord_199,prod_012,2,45.0
oi_490,ord_200,prod_015,2,30.76
oi_491,ord_200,prod_012,1,45.0
oi_492,ord_200,prod_012,5,45.0
oi_493,ord_200,prod_012,1,45.0
oi_494,ord_201,prod_009,2,49.99
oi_495,ord_201,prod_004,4,84.03
oi_496,ord_201,prod_003,2,78.0
oi_497,ord_201,prod_020,1,18.0
oi_498,ord_202,prod_011,2,67.99
oi_499,ord_203,prod_019,2,12.5
oi_500,ord_203,prod_003,5,78.0
oi_501,ord_204,prod_019,2,12.5
oi_502,ord_204,prod_008,3,19.99
oi_503,ord_205,prod_020,1,18.0
oi_504,ord_205,prod_009,2,49.99
oi_505,ord_206,prod_018,3,55.0
oi_506,ord_206,prod_006,1,124.5
oi_507,ord_207,prod_005,1,89.0
oi_508,ord_208,prod_008,5,19.99
oi_509,ord_208,prod_011,1,67.99
oi_510,ord_208,prod_006,3,124.5
oi_511,ord_209,prod_005,4,89.0
oi_512,ord_210,prod_003,4,78.0
oi_513,ord_211,prod_012,5,45.0
oi_514,ord_211,prod_019,1,12.5
oi_515,ord_211,prod_015,5,30.76
oi_516,ord_211,prod_008,5,19.99
oi_517,ord_212,prod_017,3,39.99
oi_518,ord_213,prod_001,1,49.99
oi_519,ord_213,prod_016,4,94.0
oi_520,ord_213,prod_014,1,15.0
oi_521,ord_213,prod_016,4,94.0
oi_522,ord_214,prod_003,3,78.0
oi_523,ord_215,prod_003,2,78.0
oi_524,ord_215,prod_009,5,49.99
oi_525,ord_216,prod_013,5,24.99
oi_526,ord_216,prod_017,3,39.99
oi_527,ord_216,prod_015,5,30.76
oi_528,ord_217,prod_004,1,84.03
oi_529,ord_217,prod_018,2,55.0
oi_530,ord_217,prod_014,4,15.0
oi_531,ord_217,prod_008,4,19.99
oi_532,ord_218,prod_015,4,30.76
oi_533,ord_218,prod_014,1,15.0
oi_534,ord_218,prod_011,4,67.99
oi_535,ord_219,prod_009,3,49.99
oi_536,ord_219,prod_005,4,89.0
oi_537,ord_219,prod_003,1,78.0
oi_538,ord_220,prod_003,4,78.0
oi_539,ord_221,prod_012,2,45.0
oi_540,ord_222,prod_019,5,12.5
oi_541,ord_223,prod_004,4,84.03
oi_542,ord_223,prod_012,4,45.0
oi_543,ord_223,prod_002,3,89.5
oi_544,ord_224,prod_012,1,45.0
oi_545,ord_224,prod_019,5,12.5
oi_546,ord_224,prod_007,2,59.99
oi_547,ord_225,prod_008,1,19.99
oi_548,ord_225,prod_012,5,45.0
oi_549,ord_225,prod_012,1,45.0
oi_550,ord_225,prod_009,5,49.99
oi_551,ord_226,prod_014,5,15.0
oi_552,ord_226,prod_020,5,18.0
oi_553,ord_227,prod_020,3,18.0
oi_554,ord_228,prod_006,3,124.5
oi_555,ord_229,prod_011,3,67.99
oi_556,ord_229,prod_001,2,49.99
oi_557,ord_229,prod_005,5,89.0
oi_558,ord_230,prod_003,2,78.0
oi_559,ord_230,prod_001,1,49.99
oi_560,ord_230,prod_017,2,39.99
oi_561,ord_230,prod_013,4,24.99
oi_562,ord_231,prod_011,2,67.99
oi_563,ord_231,prod_012,3,45.0
oi_564,ord_231,prod_011,5,67.99
oi_565,ord_231,prod_020,1,18.0
oi_566,ord_232,prod_005,2,89.0
oi_567,ord_233,prod_003,3,78.0
oi_568,ord_234,prod_014,4,15.0
oi_569,ord_234,prod_020,4,18.0
oi_570,ord_234,prod_014,3,15.0
oi_571,ord_234,prod_007,5,59.99
oi_572,ord_235,prod_012,4,45.0
oi_573,ord_236,prod_010,5,9.99
oi_574,ord_237,prod_017,3,39.99
oi_575,ord_237,prod_002,2,89.5
oi_576,ord_237,prod_013,5,24.99
oi_577,ord_237,prod_002,1,89.5
oi_578,ord_238,prod_010,2,9.99
oi_579,ord_238,prod_005,3,89.0
oi_580,ord_239,prod_011,1,67.99
oi_581,ord_239,prod_001,4,49.99
oi_582,ord_239,prod_014,2,15.0
oi_583,ord_240,prod_013,5,24.99
oi_584,ord_240,prod_008,5,19.99
oi_585,ord_241,prod_003,4,78.0
oi_586,ord_241,prod_002,4,89.5
oi_587,ord_241,prod_001,4,49.99
oi_588,ord_242,prod_011,5,67.99
oi_589,ord_243,prod_019,4,12.5
oi_590,ord_243,prod_014,3,15.0
oi_591,ord_243,prod_004,4,84.03
oi_592,ord_243,prod_001,3,49.99
oi_593,ord_244,prod_020,4,18.0
oi_594,ord_244,prod_012,1,45.0
oi_595,ord_245,prod_004,2,84.03
oi_596,ord_245,prod_014,5,15.0
oi_597,ord_245,prod_013,5,24.99
oi_598,ord_245,prod_003,4,78.0
oi_599,ord_246,prod_011,2,67.99
oi_600,ord_246,prod_011,2,67.99
oi_601,ord_246,prod_003,5,78.0
oi_602,ord_247,prod_017,5,39.99
oi_603,ord_248,prod_012,3,45.0
oi_604,ord_248,prod_005,2,89.0
oi_605,ord_249,prod_005,3,89.0
oi_606,ord_250,prod_006,5,124.5
oi_607,ord_250,prod_005,1,89.0
oi_608,ord_251,prod_016,4,94.0
oi_609,ord_251,prod_019,5,12.5
oi_610,ord_252,prod_019,5,12.5
oi_611,ord_252,prod_011,3,67.99
oi_612,ord_252,prod_005,4,89.0
oi_613,ord_252,prod_003,4,78.0
oi_614,ord_253,prod_010,3,9.99
oi_615,ord_253,prod_019,1,12.5
oi_616,ord_253,prod_012,5,45.0
oi_617,ord_253,prod_003,3,78.0
oi_618,ord_254,prod_015,1,30.76
oi_619,ord_254,prod_002,3,89.5
oi_620,ord_254,prod_010,1,9.99
oi_621,ord_254,prod_003,5,78.0
oi_622,ord_255,prod_015,5,30.76
oi_623,ord_255,prod_018,1,55.0
oi_624,ord_255,prod_015,5,30.76
oi_625,ord_255,prod_007,3,59.99
oi_626,ord_256,prod_017,2,39.99
oi_627,ord_256,prod_002,4,89.5
oi_628,ord_256,prod_004,3,84.03
oi_629,ord_256,prod_003,5,78.0
oi_630,ord_257,prod_002,2,89.5
oi_631,ord_257,prod_015,4,30.76
oi_632,ord_258,prod_012,3,45.0
oi_633,ord_258,prod_010,4,9.99
oi_634,ord_259,prod_011,5,67.99
oi_635,ord_259,prod_002,3,89.5
oi_636,ord_259,prod_003,3,78.0
oi_637,ord_259,prod_004,5,84.03
oi_638,ord_260,prod_010,3,9.99
oi_639,ord_260,prod_020,2,18.0
oi_640,ord_260,prod_011,1,67.99
oi_641,ord_260,prod_019,2,12.5
oi_642,ord_261,prod_010,4,9.99
oi_643,ord_261,prod_005,5,89.0
oi_644,ord_261,prod_003,3,78.0
oi_645,ord_262,prod_011,2,67.99
oi_646,ord_262,prod_017,1,39.99
oi_647,ord_262,prod_014,5,15.0
oi_648,ord_262,prod_012,1,45.0
oi_649,ord_263,prod_010,2,9.99
oi_650,ord_263,prod_007,3,59.99
oi_651,ord_263,prod_016,2,94.0
oi_652,ord_264,prod_005,2,89.0
oi_653,ord_264,prod_003,3,78.0
oi_654,ord_265,prod_017,5,39.99
oi_655,ord_266,prod_011,5,67.99
oi_656,ord_267,prod_020,4,18.0
oi_657,ord_267,prod_005,2,89.0
oi_658,ord_268,prod_020,2,18.0
oi_659,ord_268,prod_015,1,30.76
oi_660,ord_269,prod_012,2,45.0
oi_661,ord_269,prod_015,5,30.76
oi_662,ord_269,prod_010,4,9.99
oi_663,ord_269,prod_008,5,19.99
oi_664,ord_270,prod_010,4,9.99
oi_665,ord_270,prod_007,3,59.99
oi_666,ord_271,prod_015,3,30.76
oi_667,ord_271,prod_013,5,24.99
oi_668,ord_271,prod_017,4,39.99
oi_669,ord_271,prod_006,2,124.5
oi_670,ord_272,prod_009,1,49.99
oi_671,ord_272,prod_016,3,94.0
oi_672,ord_273,prod_017,1,39.99
oi_673,ord_274,prod_003,2,78.0
oi_674,ord_274,prod_009,4,49.99
oi_675,ord_274,prod_017,2,39.99
oi_676,ord_275,prod_003,2,78.0
oi_677,ord_275,prod_015,3,30.76
oi_678,ord_275,prod_001,4,49.99
oi_679,ord_275,prod_002,4,89.5
oi_680,ord_276,prod_008,4,19.99
oi_681,ord_276,prod_003,3,78.0
oi_682,ord_276,prod_008,1,19.99
oi_683,ord_277,prod_004,3,84.03
oi_684,ord_277,prod_005,2,89.0
oi_685,ord_277,prod_002,3,89.5
oi_686,ord_278,prod_005,4,89.0
oi_687,ord_278,prod_015,5,30.76
oi_688,ord_278,prod_001,1,49.99
oi_689,ord_278,prod_001,3,49.99
oi_690,ord_279,prod_005,5,89.0
oi_691,ord_279,prod_020,5,18.0
oi_692,ord_280,prod_004,3,84.03
oi_693,ord_280,prod_008,3,19.99
oi_694,ord_280,prod_004,1,84.03
oi_695,ord_280,prod_008,4,19.99
oi_696,ord_281,prod_003,1,78.0
oi_697,ord_281,prod_016,5,94.0
oi_698,ord_281,prod_018,1,55.0
oi_699,ord_281,prod_017,5,39.99
oi_700,ord_282,prod_005,3,89.0
oi_701,ord_282,prod_014,1,15.0
oi_702,ord_283,prod_008,5,19.99
oi_703,ord_283,prod_014,2,15.0
oi_704,ord_283,prod_003,5,78.0
oi_705,ord_284,prod_003,5,78.0
oi_706,ord_284,prod_018,5,55.0
oi_707,ord_284,prod_017,5,39.99
oi_708,ord_285,prod_013,4,24.99
oi_709,ord_286,prod_013,3,24.99
oi_710,ord_287,prod_001,3,49.99
oi_711,ord_287,prod_003,3,78.0
oi_712,ord_287,prod_008,1,19.99
oi_713,ord_288,prod_005,1,89.0
oi_714,ord_288,prod_012,5,45.0
oi_715,ord_288,prod_011,2,67.99
oi_716,ord_289,prod_016,2,94.0
oi_717,ord_289,prod_005,1,89.0
oi_718,ord_289,prod_015,1,30.76
oi_719,ord_289,prod_010,2,9.99
oi_720,ord_290,prod_007,1,59.99
oi_721,ord_291,prod_010,5,9.99
oi_722,ord_291,prod_013,5,24.99
oi_723,ord_291,prod_016,3,94.0
oi_724,ord_292,prod_007,3,59.99
oi_725,ord_293,prod_002,3,89.5
oi_726,ord_293,prod_009,1,49.99
oi_727,ord_293,prod_012,4,45.0
oi_728,ord_294,prod_015,4,30.76
oi_729,ord_294,prod_011,2,67.99
oi_730,ord_294,prod_016,4,94.0
oi_731,ord_294,prod_012,5,45.0
oi_732,ord_295,prod_003,4,78.0
oi_733,ord_295,prod_003,4,78.0
oi_734,ord_295,prod_020,2,18.0
oi_735,ord_296,prod_011,1,67.99
oi_736,ord_296,prod_003,3,78.0
oi_737,ord_296,prod_010,3,9.99
oi_738,ord_297,prod_020,4,18.0
oi_739,ord_297,prod_006,4,124.5
oi_740,ord_297,prod_012,4,45.0
oi_741,ord_297,prod_002,3,89.5
oi_742,ord_298,prod_009,1,49.99
oi_743,ord_298,prod_003,4,78.0
oi_744,ord_298,prod_012,5,45.0
oi_745,ord_298,prod_006,1,124.5
oi_746,ord_299,prod_020,4,18.0
oi_747,ord_299,prod_002,2,89.5
oi_748,ord_300,prod_008,3,19.99
oi_749,ord_301,prod_013,5,24.99
oi_750,ord_301,prod_002,5,89.5
oi_751,ord_301,prod_005,4,89.0
oi_752,ord_302,prod_012,4,45.0
oi_753,ord_302,prod_003,5,78.0
oi_754,ord_302,prod_005,5,89.0
oi_755,ord_303,prod_013,3,24.99
oi_756,ord_303,prod_009,2,49.99
oi_757,ord_303,prod_004,1,84.03
oi_758,ord_304,prod_016,5,94.0
oi_759,ord_304,prod_013,5,24.99
oi_760,ord_305,prod_009,3,49.99
oi_761,ord_306,prod_007,5,59.99
oi_762,ord_306,prod_010,4,9.99
oi_763,ord_306,prod_007,1,59.99
oi_764,ord_306,prod_005,1,89.0
oi_765,ord_307,prod_006,4,124.5
oi_766,ord_307,prod_003,3,78.0
oi_767,ord_307,prod_012,1,45.0
oi_768,ord_307,prod_018,5,55.0
oi_769,ord_308,prod_010,2,9.99
oi_770,ord_308,prod_006,3,124.5
oi_771,ord_308,prod_017,2,39.99
oi_772,ord_309,prod_007,2,59.99
oi_773,ord_310,prod_016,1,94.0
oi_774,ord_310,prod_012,5,45.0
oi_775,ord_311,prod_015,5,30.76
oi_776,ord_311,prod_005,5,89.0
oi_777,ord_311,prod_003,1,78.0
oi_778,ord_312,prod_013,4,24.99
oi_779,ord_312,prod_017,4,39.99
oi_780,ord_312,prod_014,5,15.0
oi_781,ord_313,prod_005,3,89.0
oi_782,ord_314,prod_015,4,30.76
oi_783,ord_315,prod_005,5,89.0
oi_784,ord_315,prod_019,2,12.5
oi_785,ord_315,prod_005,4,89.0
oi_786,ord_316,prod_004,5,84.03
oi_787,ord_317,prod_010,2,9.99
oi_788,ord_317,prod_006,3,124.5
oi_789,ord_318,prod_012,5,45.0
oi_790,ord_318,prod_010,1,9.99
oi_791,ord_319,prod_007,5,59.99
oi_792,ord_319,prod_009,2,49.99
oi_793,ord_319,prod_010,5,9.99
oi_794,ord_320,prod_017,2,39.99
oi_795,ord_321,prod_006,5,124.5
oi_796,ord_321,prod_020,3,18.0
oi_797,ord_322,prod_001,1,49.99
oi_798,ord_323,prod_019,3,12.5
oi_799,ord_324,prod_019,4,12.5
oi_800,ord_324,prod_020,1,18.0
oi_801,ord_325,prod_018,3,55.0
oi_802,ord_325,prod_010,4,9.99
oi_803,ord_325,prod_008,4,19.99
oi_804,ord_325,prod_010,4,9.99
oi_805,ord_326,prod_002,2,89.5
oi_806,ord_327,prod_014,4,15.0
oi_807,ord_327,prod_015,2,30.76
oi_808,ord_327,prod_011,5,67.99
oi_809,ord_327,prod_005,3,89.0
oi_810,ord_328,prod_012,4,45.0
oi_811,ord_328,prod_005,3,89.0
oi_812,ord_328,prod_017,5,39.99
oi_813,ord_329,prod_011,2,67.99
oi_814,ord_330,prod_004,3,84.03
oi_815,ord_330,prod_015,2,30.76
oi_816,ord_330,prod_005,1,89.0
oi_817,ord_330,prod_002,3,89.5
oi_818,ord_331,prod_020,4,18.0
oi_819,ord_331,prod_008,2,19.99
oi_820,ord_331,prod_011,5,67.99
oi_821,ord_331,prod_011,2,67.99
oi_822,ord_332,prod_016,5,94.0
oi_823,ord_332,prod_015,4,30.76
oi_824,ord_333,prod_016,1,94.0
oi_825,ord_333,prod_003,4,78.0
oi_826,ord_333,prod_017,4,39.99
oi_827,ord_334,prod_007,5,59.99
oi_828,ord_334,prod_012,1,45.0
oi_829,ord_335,prod_010,4,9.99
oi_830,ord_336,prod_010,5,9.99
oi_831,ord_336,prod_001,1,49.99
oi_832,ord_336,prod_014,2,15.0
oi_833,ord_336,prod_009,3,49.99
oi_834,ord_337,prod_012,1,45.0
oi_835,ord_337,prod_013,1,24.99
oi_836,ord_337,prod_019,5,12.5
oi_837,ord_337,prod_007,3,59.99
oi_838,ord_338,prod_003,4,78.0
oi_839,ord_338,prod_017,4,39.99
oi_840,ord_338,prod_018,3,55.0
oi_841,ord_339,prod_005,1,89.0
oi_842,ord_340,prod_012,3,45.0
oi_843,ord_340,prod_018,3,55.0
oi_844,ord_340,prod_005,2,89.0
oi_845,ord_340,prod_020,5,18.0
oi_846,ord_341,prod_017,1,39.99
oi_847,ord_341,prod_002,1,89.5
oi_848,ord_341,prod_005,3,89.0
oi_849,ord_341,prod_016,5,94.0
oi_850,ord_342,prod_005,5,89.0
oi_851,ord_342,prod_017,2,39.99
oi_852,ord_342,prod_011,5,67.99
oi_853,ord_342,prod_011,2,67.99
oi_854,ord_343,prod_020,3,18.0
oi_855,ord_343,prod_019,3,12.5
oi_856,ord_343,prod_017,5,39.99
oi_857,ord_343,prod_018,4,55.0
oi_858,ord_344,prod_016,1,94.0
oi_859,ord_344,prod_012,3,45.0
oi_860,ord_344,prod_004,4,84.03
oi_861,ord_345,prod_001,5,49.99
oi_862,ord_345,prod_016,3,94.0
oi_863,ord_345,prod_019,5,12.5
oi_864,ord_346,prod_002,5,89.5
oi_865,ord_346,prod_016,2,94.0
oi_866,ord_347,prod_005,2,89.0
oi_867,ord_347,prod_002,5,89.5
oi_868,ord_347,prod_004,2,84.03
oi_869,ord_347,prod_001,4,49.99
oi_870,ord_348,prod_014,2,15.0
oi_871,ord_348,prod_014,2,15.0
oi_872,ord_348,prod_014,5,15.0
oi_873,ord_349,prod_002,2,89.5
oi_874,ord_349,prod_017,2,39.99
oi_875,ord_349,prod_018,3,55.0
oi_876,ord_349,prod_016,5,94.0
oi_877,ord_350,prod_011,2,67.99
oi_878,ord_350,prod_015,5,30.76
oi_879,ord_350,prod_011,5,67.99
oi_880,ord_350,prod_012,3,45.0
oi_881,ord_351,prod_007,2,59.99
oi_882,ord_351,prod_009,5,49.99
oi_883,ord_351,prod_010,2,9.99
oi_884,ord_351,prod_010,3,9.99
oi_885,ord_352,prod_016,3,94.0
oi_886,ord_352,prod_016,3,94.0
oi_887,ord_353,prod_010,1,9.99
oi_888,ord_353,prod_019,5,12.5
oi_889,ord_353,prod_013,4,24.99
oi_890,ord_354,prod_005,3,89.0
oi_891,ord_354,prod_002,3,89.5
oi_892,ord_354,prod_003,3,78.0
oi_893,ord_355,prod_009,4,49.99
oi_894,ord_355,prod_007,2,59.99
oi_895,ord_355,prod_018,3,55.0
oi_896,ord_355,prod_018,3,55.0
oi_897,ord_356,prod_004,5,84.03
oi_898,ord_356,prod_019,2,12.5
oi_899,ord_357,prod_002,5,89.5
oi_900,ord_357,prod_008,2,19.99
oi_901,ord_358,prod_004,4,84.03
oi_902,ord_359,prod_016,1,94.0
oi_903,ord_359,prod_005,1,89.0
oi_904,ord_359,prod_018,2,55.0
oi_905,ord_360,prod_016,4,94.0
oi_906,ord_360,prod_007,3,59.99
oi_907,ord_360,prod_011,3,67.99
oi_908,ord_360,prod_002,1,89.5
oi_909,ord_361,prod_018,1,55.0
oi_910,ord_361,prod_006,4,124.5
oi_911,ord_362,prod_002,4,89.5
oi_912,ord_362,prod_016,2,94.0
oi_913,ord_363,prod_002,1,89.5
oi_914,ord_363,prod_010,5,9.99
oi_915,ord_363,prod_020,1,18.0
oi_916,ord_364,prod_010,4,9.99
oi_917,ord_364,prod_018,5,55.0
oi_918,ord_364,prod_016,2,94.0
oi_919,ord_365,prod_009,2,49.99
oi_920,ord_365,prod_004,3,84.03
oi_921,ord_365,prod_006,4,124.5
oi_922,ord_365,prod_009,2,49.99
oi_923,ord_366,prod_011,3,67.99
oi_924,ord_367,prod_006,5,124.5
oi_925,ord_367,prod_013,4,24.99
oi_926,ord_368,prod_003,4,78.0
oi_927,ord_368,prod_004,2,84.03
oi_928,ord_368,prod_005,4,89.0
oi_929,ord_369,prod_008,1,19.99
oi_930,ord_369,prod_009,4,49.99
oi_931,ord_369,prod_008,4,19.99
oi_932,ord_370,prod_011,3,67.99
oi_933,ord_370,prod_019,5,12.5
oi_934,ord_370,prod_001,3,49.99
oi_935,ord_371,prod_008,1,19.99
oi_936,ord_371,prod_004,4,84.03
oi_937,ord_371,prod_010,2,9.99
oi_938,ord_372,prod_017,3,39.99
oi_939,ord_372,prod_004,3,84.03
oi_940,ord_372,prod_012,5,45.0
oi_941,ord_372,prod_008,2,19.99
oi_942,ord_373,prod_016,2,94.0
oi_943,ord_373,prod_015,5,30.76
oi_944,ord_374,prod_014,5,15.0
oi_945,ord_374,prod_016,5,94.0
oi_946,ord_374,prod_007,2,59.99
oi_947,ord_375,prod_017,4,39.99
oi_948,ord_376,prod_003,5,78.0
oi_949,ord_376,prod_004,1,84.03
oi_950,ord_376,prod_018,5,55.0
oi_951,ord_377,prod_019,5,12.5
oi_952,ord_377,prod_005,2,89.0
oi_953,ord_378,prod_017,4,39.99
oi_954,ord_378,prod_004,2,84.03
oi_955,ord_378,prod_019,4,12.5
oi_956,ord_379,prod_017,4,39.99
oi_957,ord_380,prod_015,2,30.76
oi_958,ord_381,prod_015,5,30.76
oi_959,ord_381,prod_002,5,89.5
oi_960,ord_381,prod_015,3,30.76
oi_961,ord_381,prod_001,4,49.99
oi_962,ord_382,prod_001,2,49.99
oi_963,ord_382,prod_019,1,12.5
oi_964,ord_382,prod_002,4,89.5
oi_965,ord_383,prod_003,5,78.0
oi_966,ord_383,prod_002,1,89.5
oi_967,ord_383,prod_016,1,94.0
oi_968,ord_384,prod_014,2,15.0
oi_969,ord_384,prod_005,4,89.0
oi_970,ord_384,prod_012,4,45.0
oi_971,ord_385,prod_013,4,24.99
oi_972,ord_385,prod_003,5,78.0
oi_973,ord_385,prod_005,3,89.0
oi_974,ord_385,prod_004,2,84.03
oi_975,ord_386,prod_017,2,39.99
oi_976,ord_386,prod_008,1,19.99
oi_977,ord_386,prod_001,3,49.99
oi_978,ord_386,prod_015,5,30.76
oi_979,ord_387,prod_018,4,55.0
oi_980,ord_387,prod_008,2,19.99
oi_981,ord_387,prod_015,3,30.76
oi_982,ord_387,prod_005,3,89.0
oi_983,ord_388,prod_004,1,84.03
oi_984,ord_388,prod_014,5,15.0
oi_985,ord_389,prod_008,2,19.99
oi_986,ord_390,prod_004,5,84.03
oi_987,ord_391,prod_015,5,30.76
oi_988,ord_392,prod_008,1,19.99
oi_989,ord_393,prod_015,2,30.76
oi_990,ord_393,prod_018,2,55.0
oi_991,ord_393,prod_002,2,89.5
oi_992,ord_393,prod_017,3,39.99
oi_993,ord_394,prod_019,3,12.5
oi_994,ord_394,prod_019,5,12.5
oi_995,ord_395,prod_008,3,19.99
oi_996,ord_395,prod_005,5,89.0
oi_997,ord_395,prod_008,4,19.99
oi_998,ord_396,prod_009,1,49.99
oi_999,ord_396,prod_018,5,55.0
oi_1000,ord_396,prod_006,4,124.5
oi_1001,ord_397,prod_002,3,89.5
oi_1002,ord_397,prod_013,5,24.99
oi_1003,ord_397,prod_011,4,67.99
oi_1004,ord_397,prod_014,2,15.0
oi_1005,ord_398,prod_013,2,24.99
oi_1006,ord_398,prod_018,4,55.0
oi_1007,ord_398,prod_008,2,19.99
oi_1008,ord_399,prod_005,4,89.0
oi_1009,ord_399,prod_002,5,89.5
oi_1010,ord_399,prod_014,4,15.0
oi_1011,ord_400,prod_013,2,24.99
oi_1012,ord_400,prod_009,2,49.99
oi_1013,ord_401,prod_003,4,78.0
oi_1014,ord_401,prod_012,1,45.0
oi_1015,ord_401,prod_018,2,55.0
oi_1016,ord_402,prod_009,4,49.99
oi_1017,ord_403,prod_003,2,78.0
oi_1018,ord_404,prod_016,2,94.0
oi_1019,ord_404,prod_011,3,67.99
oi_1020,ord_405,prod_007,2,59.99
oi_1021,ord_406,prod_016,2,94.0
oi_1022,ord_407,prod_013,2,24.99
oi_1023,ord_407,prod_018,3,55.0
oi_1024,ord_408,prod_013,4,24.99
oi_1025,ord_408,prod_018,3,55.0
oi_1026,ord_408,prod_010,3,9.99
oi_1027,ord_409,prod_017,4,39.99
oi_1028,ord_409,prod_015,1,30.76
oi_1029,ord_409,prod_016,3,94.0
oi_1030,ord_410,prod_012,3,45.0
oi_1031,ord_410,prod_014,1,15.0
oi_1032,ord_411,prod_005,1,89.0
oi_1033,ord_411,prod_009,5,49.99
oi_1034,ord_412,prod_010,2,9.99
oi_1035,ord_412,prod_007,3,59.99
oi_1036,ord_412,prod_008,4,19.99
oi_1037,ord_412,prod_019,2,12.5
oi_1038,ord_413,prod_018,3,55.0
oi_1039,ord_413,prod_009,4,49.99
oi_1040,ord_413,prod_016,4,94.0
oi_1041,ord_413,prod_006,3,124.5
oi_1042,ord_414,prod_005,5,89.0
oi_1043,ord_414,prod_016,2,94.0
oi_1044,ord_415,prod_017,1,39.99
oi_1045,ord_416,prod_002,1,89.5
oi_1046,ord_417,prod_005,2,89.0
oi_1047,ord_417,prod_003,2,78.0
oi_1048,ord_417,prod_001,2,49.99
oi_1049,ord_417,prod_017,4,39.99
oi_1050,ord_418,prod_002,5,89.5
oi_1051,ord_418,prod_020,4,18.0
oi_1052,ord_418,prod_016,1,94.0
oi_1053,ord_419,prod_018,5,55.0
oi_1054,ord_420,prod_001,1,49.99
oi_1055,ord_420,prod_017,3,39.99
oi_1056,ord_420,prod_018,3,55.0
oi_1057,ord_420,prod_001,5,49.99
oi_1058,ord_421,prod_006,1,124.5
oi_1059,ord_421,prod_004,5,84.03
oi_1060,ord_421,prod_005,2,89.0
oi_1061,ord_421,prod_007,5,59.99
oi_1062,ord_422,prod_012,3,45.0
oi_1063,ord_422,prod_013,1,24.99
oi_1064,ord_422,prod_012,4,45.0
oi_1065,ord_423,prod_019,2,12.5
oi_1066,ord_423,prod_008,3,19.99
oi_1067,ord_423,prod_003,1,78.0
oi_1068,ord_423,prod_003,4,78.0
oi_1069,ord_424,prod_013,5,24.99
oi_1070,ord_424,prod_016,1,94.0
oi_1071,ord_424,prod_001,2,49.99
oi_1072,ord_424,prod_003,4,78.0
oi_1073,ord_425,prod_011,5,67.99
oi_1074,ord_425,prod_004,5,84.03
oi_1075,ord_425,prod_002,2,89.5
oi_1076,ord_425,prod_007,5,59.99
oi_1077,ord_426,prod_009,1,49.99
oi_1078,ord_426,prod_003,3,78.0
oi_1079,ord_426,prod_018,5,55.0
oi_1080,ord_426,prod_002,2,89.5
oi_1081,ord_427,prod_001,2,49.99
oi_1082,ord_427,prod_019,2,12.5
oi_1083,ord_427,prod_013,1,24.99
oi_1084,ord_428,prod_006,5,124.5
oi_1085,ord_428,prod_008,5,19.99
oi_1086,ord_428,prod_013,5,24.99
oi_1087,ord_429,prod_013,2,24.99
oi_1088,ord_429,prod_003,5,78.0
oi_1089,ord_429,prod_012,1,45.0
oi_1090,ord_430,prod_014,2,15.0
oi_1091,ord_431,prod_011,5,67.99
oi_1092,ord_432,prod_011,1,67.99
oi_1093,ord_432,prod_009,4,49.99
oi_1094,ord_432,prod_016,2,94.0
oi_1095,ord_432,prod_012,5,45.0
oi_1096,ord_433,prod_014,2,15.0
oi_1097,ord_433,prod_019,4,12.5
oi_1098,ord_433,prod_003,5,78.0
oi_1099,ord_433,prod_010,2,9.99
oi_1100,ord_434,prod_003,3,78.0
oi_1101,ord_435,prod_013,2,24.99
oi_1102,ord_435,prod_013,3,24.99
oi_1103,ord_436,prod_004,1,84.03
oi_1104,ord_436,prod_001,3,49.99
oi_1105,ord_436,prod_015,3,30.76
oi_1106,ord_437,prod_004,2,84.03
oi_1107,ord_437,prod_003,2,78.0
oi_1108,ord_437,prod_014,4,15.0
oi_1109,ord_438,prod_004,1,84.03
oi_1110,ord_438,prod_003,3,78.0
oi_1111,ord_438,prod_018,1,55.0
oi_1112,ord_438,prod_020,5,18.0
oi_1113,ord_439,prod_013,1,24.99
oi_1114,ord_439,prod_010,4,9.99
oi_1115,ord_439,prod_013,1,24.99
oi_1116,ord_440,prod_019,5,12.5
oi_1117,ord_440,prod_006,4,124.5
oi_1118,ord_441,prod_005,3,89.0
oi_1119,ord_441,prod_010,3,9.99
oi_1120,ord_442,prod_005,1,89.0
oi_1121,ord_442,prod_006,4,124.5
oi_1122,ord_442,prod_009,4,49.99
oi_1123,ord_442,prod_010,4,9.99
oi_1124,ord_443,prod_012,3,45.0
oi_1125,ord_444,prod_016,5,94.0
oi_1126,ord_444,prod_020,2,18.0
oi_1127,ord_445,prod_004,2,84.03
oi_1128,ord_445,prod_010,1,9.99
oi_1129,ord_445,prod_013,3,24.99
oi_1130,ord_445,prod_020,4,18.0
oi_1131,ord_446,prod_015,3,30.76
oi_1132,ord_446,prod_014,5,15.0
oi_1133,ord_446,prod_005,3,89.0
oi_1134,ord_447,prod_020,2,18.0
oi_1135,ord_447,prod_016,3,94.0
oi_1136,ord_447,prod_006,4,124.5
oi_1137,ord_448,prod_010,4,9.99
oi_1138,ord_448,prod_019,2,12.5
oi_1139,ord_448,prod_011,4,67.99
oi_1140,ord_449,prod_013,3,24.99
oi_1141,ord_449,prod_004,5,84.03
oi_1142,ord_449,prod_007,5,59.99
oi_1143,ord_450,prod_018,1,55.0
oi_1144,ord_450,prod_015,2,30.76
oi_1145,ord_451,prod_010,1,9.99
oi_1146,ord_451,prod_014,4,15.0
oi_1147,ord_451,prod_005,3,89.0
oi_1148,ord_451,prod_008,3,19.99
oi_1149,ord_452,prod_014,4,15.0
oi_1150,ord_452,prod_003,4,78.0
oi_1151,ord_453,prod_019,4,12.5
oi_1152,ord_453,prod_018,5,55.0
oi_1153,ord_453,prod_014,5,15.0
oi_1154,ord_453,prod_002,3,89.5
oi_1155,ord_454,prod_004,2,84.03
oi_1156,ord_455,prod_006,5,124.5
oi_1157,ord_455,prod_002,5,89.5
oi_1158,ord_455,prod_013,3,24.99
oi_1159,ord_456,prod_004,1,84.03
oi_1160,ord_456,prod_004,3,84.03
oi_1161,ord_456,prod_008,5,19.99
oi_1162,ord_456,prod_017,5,39.99
oi_1163,ord_457,prod_015,3,30.76
oi_1164,ord_457,prod_013,4,24.99
oi_1165,ord_458,prod_012,1,45.0
oi_1166,ord_458,prod_016,1,94.0
oi_1167,ord_459,prod_014,1,15.0
oi_1168,ord_459,prod_004,2,84.03
oi_1169,ord_459,prod_012,3,45.0
oi_1170,ord_460,prod_015,2,30.76
oi_1171,ord_460,prod_017,4,39.99
oi_1172,ord_460,prod_012,4,45.0
oi_1173,ord_461,prod_015,4,30.76
oi_1174,ord_462,prod_003,3,78.0
oi_1175,ord_462,prod_002,1,89.5
oi_1176,ord_462,prod_001,3,49.99
oi_1177,ord_463,prod_006,2,124.5
oi_1178,ord_464,prod_018,2,55.0
oi_1179,ord_464,prod_011,5,67.99
oi_1180,ord_465,prod_015,2,30.76
oi_1181,ord_465,prod_013,2,24.99
oi_1182,ord_465,prod_006,4,124.5
oi_1183,ord_465,prod_013,1,24.99
oi_1184,ord_466,prod_015,5,30.76
oi_1185,ord_466,prod_014,4,15.0
oi_1186,ord_467,prod_007,2,59.99
oi_1187,ord_468,prod_003,5,78.0
oi_1188,ord_468,prod_004,5,84.03
oi_1189,ord_468,prod_006,3,124.5
oi_1190,ord_469,prod_007,4,59.99
oi_1191,ord_469,prod_004,3,84.03
oi_1192,ord_469,prod_016,5,94.0
oi_1193,ord_470,prod_020,4,18.0
oi_1194,ord_470,prod_020,4,18.0
oi_1195,ord_470,prod_019,1,12.5
oi_1196,ord_471,prod_012,4,45.0
oi_1197,ord_471,prod_020,2,18.0
oi_1198,ord_471,prod_010,5,9.99
oi_1199,ord_472,prod_005,3,89.0
oi_1200,ord_473,prod_008,3,19.99
oi_1201,ord_474,prod_006,3,124.5
oi_1202,ord_475,prod_017,4,39.99
oi_1203,ord_475,prod_014,5,15.0
oi_1204,ord_476,prod_019,4,12.5
oi_1205,ord_476,prod_014,2,15.0
oi_1206,ord_477,prod_018,2,55.0
oi_1207,ord_477,prod_018,2,55.0
oi_1208,ord_477,prod_016,3,94.0
oi_1209,ord_477,prod_005,2,89.0
oi_1210,ord_478,prod_015,5,30.76
oi_1211,ord_478,prod_002,3,89.5
oi_1212,ord_478,prod_001,4,49.99
oi_1213,ord_479,prod_007,4,59.99
oi_1214,ord_479,prod_018,5,55.0
oi_1215,ord_480,prod_014,4,15.0
oi_1216,ord_480,prod_014,4,15.0
oi_1217,ord_480,prod_016,2,94.0
oi_1218,ord_480,prod_003,5,78.0
oi_1219,ord_481,prod_008,3,19.99
oi_1220,ord_482,prod_009,2,49.99
oi_1221,ord_483,prod_006,4,124.5
oi_1222,ord_483,prod_019,4,12.5
oi_1223,ord_483,prod_018,5,55.0
oi_1224,ord_484,prod_019,1,12.5
oi_1225,ord_485,prod_018,3,55.0
oi_1226,ord_485,prod_018,1,55.0
oi_1227,ord_485,prod_015,5,30.76
oi_1228,ord_486,prod_014,1,15.0
oi_1229,ord_486,prod_008,3,19.99
oi_1230,ord_487,prod_015,3,30.76
oi_1231,ord_488,prod_003,4,78.0
oi_1232,ord_488,prod_004,2,84.03
oi_1233,ord_488,prod_007,5,59.99
oi_1234,ord_489,prod_020,4,18.0
oi_1235,ord_489,prod_006,5,124.5
oi_1236,ord_489,prod_005,2,89.0
oi_1237,ord_490,prod_002,5,89.5
oi_1238,ord_490,prod_012,5,45.0
oi_1239,ord_491,prod_020,5,18.0
oi_1240,ord_491,prod_006,3,124.5
oi_1241,ord_491,prod_010,3,9.99
oi_1242,ord_492,prod_017,1,39.99
oi_1243,ord_492,prod_005,4,89.0
oi_1244,ord_492,prod_002,3,89.5
oi_1245,ord_493,prod_005,2,89.0
oi_1246,ord_493,prod_005,3,89.0
oi_1247,ord_494,prod_013,4,24.99
oi_1248,ord_494,prod_005,5,89.0
oi_1249,ord_495,prod_014,4,15.0
oi_1250,ord_495,prod_015,1,30.76
oi_1251,ord_495,prod_003,4,78.0
oi_1252,ord_496,prod_012,4,45.0
oi_1253,ord_496,prod_016,3,94.0
oi_1254,ord_496,prod_019,1,12.5
oi_1255,ord_497,prod_015,3,30.76
oi_1256,ord_498,prod_018,4,55.0
oi_1257,ord_499,prod_014,2,15.0
oi_1258,ord_499,prod_016,3,94.0
oi_1259,ord_500,prod_010,3,9.99
oi_1260,ord_500,prod_018,5,55.0
oi_1261,ord_500,prod_005,5,89.0
