customer_id,first_name,last_name,email,phone_number,country,created_at
cust_0001,Gina,Martin,Gina.Martin26@email.com,+61 1061802512,AU,2026-03-13 18:00:00
cust_0002,Noah,Gonzales,Noah.Gonzales759@email.com,+44 6841113321,UK,2026-01-17 07:00:00
cust_0003,Leo,Scott,Leo.Scott239@email.com,+1 2420529190,US,2026-11-29 18:00:00
cust_0004,Tyler,Rivera,Tyler.Rivera226@email.com,+81 6835844140,JP,2026-01-04 19:00:00
cust_0005,Uma,Russell,Uma.Russell433@email.com,+33 1203448329,FR,2026-04-21 19:00:00
cust_0006,Sara,Harris,Sara.Harris95@email.com,+65 4720360983,SG,2026-06-26 16:00:00
cust_0007,Hannah,Miller,Hannah.Miller748@email.com,+81 2313082117,JP,2026-07-13 08:00:00
cust_0008,Vera,Phillips,Vera.Phillips850@email.com,+33 2489708607,FR,2026-12-27 08:00:00
cust_0009,Frank,Simmons,Frank.Simmons234@email.com,+61 4241494220,AU,2026-04-30 20:00:00
cust_0010,Mia,Cook,Mia.Cook285@email.com,+81 1576942273,JP,2026-07-09 12:00:00
cust_0011,Aaron,Foster,Aaron.Foster274@email.com,+44 9334969473,UK,2026-05-06 09:00:00
cust_0012,Ian,Cook,Ian.Cook277@email.com,+49 7245363119,DE,2026-01-29 10:00:00
cust_0013,Eve,Evans,Eve.Evans411@email.com,+61 294277889,AU,2026-10-18 18:00:00
cust_0014,Oscar,Scott,Oscar.Scott672@email.com,+81 1980753705,JP,2026-05-16 09:00:00
cust_0015,Fiona,Hamilton,Fiona.Hamilton575@email.com,+61 6811222128,AU,2026-07-05 10:00:00
cust_0016,Rachel,Brooks,Rachel.Brooks506@email.com,+44 3256059658,UK,2026-02-26 09:00:00
cust_0017,Felix,Lee,Felix.Lee812@email.com,+65 2571557300,SG,2026-07-17 13:00:00
cust_0018,Blake,Torres,Blake.Torres542@email.com,+61 8649245200,AU,2026-02-28 17:00:00
cust_0019,Sofia,Graham,Sofia.Graham274@email.com,+33 4784080233,FR,2026-08-11 09:00:00
cust_0020,Holly,Johnson,Holly.Johnson977@email.com,+61 3282602734,AU,2026-09-17 08:00:00
cust_0021,Felix,Campbell,Felix.Campbell862@email.com,+49 4961406973,DE,2026-03-24 15:00:00
cust_0022,Zena,Sanders,Zena.Sanders941@email.com,+1 6877414708,US,2026-09-08 07:00:00
cust_0023,Olivia,Rogers,Olivia.Rogers900@email.com,+61 1038439863,AU,2026-05-04 16:00:00
cust_0024,Karen,Thomas,Karen.Thomas750@email.com,+81 3514793184,JP,2026-09-30 19:00:00
cust_0025,Quinn,Martinez,Quinn.Martinez676@email.com,+81 5014182187,JP,2026-09-28 20:00:00
cust_0026,Chloe,Cooper,Chloe.Cooper988@email.com,+49 2972958940,DE,2027-01-01 11:00:00
cust_0027,Adam,Foster,Adam.Foster666@email.com,+33 6527938612,FR,2026-03-03 10:00:00
cust_0028,Chris,Taylor,Chris.Taylor347@email.com,+1 9588269843,US,2026-04-23 07:00:00
cust_0029,Jack,Griffin,Jack.Griffin647@email.com,+1 993297492,US,2026-01-17 20:00:00
cust_0030,Ryan,Anderson,Ryan.Anderson527@email.com,+49 9795985339,DE,2026-09-06 10:00:00
cust_0031,Tyler,Martinez,Tyler.Martinez741@email.com,+81 1758309234,JP,2026-02-18 08:00:00
cust_0032,Jake,Richardson,Jake.Richardson363@email.com,+65 6070638140,SG,2026-01-28 17:00:00
cust_0033,Isla,Washington,Isla.Washington101@email.com,+1 3710855390,US,2026-05-08 10:00:00
cust_0034,Yara,Price,Yara.Price460@email.com,+1 1821967841,CA,2026-05-23 14:00:00
cust_0035,Fiona,Anderson,Fiona.Anderson454@email.com,+44 8817209816,UK,2026-10-04 20:00:00
cust_0036,Bob,Jackson,Bob.Jackson949@email.com,+49 5019268066,DE,2026-09-06 14:00:00
cust_0037,Bella,Murphy,Bella.Murphy925@email.com,+1 5012078344,US,2026-01-02 13:00:00
cust_0038,Hannah,Ward,Hannah.Ward293@email.com,+65 2100237817,SG,2026-04-08 11:00:00
cust_0039,Bella,Moore,Bella.Moore594@email.com,+1 7517497883,US,2026-01-30 07:00:00
cust_0040,Zack,Gray,Zack.Gray515@email.com,+1 2191106786,CA,2026-04-06 08:00:00
cust_0041,Blake,Taylor,Blake.Taylor692@email.com,+49 1744202799,DE,2026-10-19 10:00:00
cust_0042,Zack,Perry,Zack.Perry41@email.com,+44 6550301973,UK,2026-05-14 10:00:00
cust_0043,Kylie,Diaz,Kylie.Diaz322@email.com,+49 5445772945,DE,2026-03-09 17:00:00
cust_0044,Hugo,Campbell,Hugo.Campbell469@email.com,+33 4028948187,FR,2026-01-05 14:00:00
cust_0045,Elena,Ross,Elena.Ross103@email.com,+44 2319122187,UK,2026-09-17 11:00:00
cust_0046,Quinn,Sanchez,Quinn.Sanchez903@email.com,+44 3786436931,UK,2026-07-09 11:00:00
cust_0047,Uma,Cox,Uma.Cox854@email.com,+61 8633534576,AU,2026-10-11 11:00:00
cust_0048,Jake,Harris,Jake.Harris962@email.com,+1 1145872495,CA,2026-02-24 18:00:00
cust_0049,Vera,Lewis,Vera.Lewis279@email.com,+61 2607724331,AU,2026-06-25 10:00:00
cust_0050,Maya,Flores,Maya.Flores874@email.com,+61 6475682673,AU,2026-05-09 20:00:00
cust_0051,Grace,Jackson,Grace.Jackson650@email.com,+65 7866990236,SG,2026-01-23 07:00:00
cust_0052,Ryan,Wallace,Ryan.Wallace134@email.com,+61 9293923903,AU,2026-08-15 15:00:00
cust_0053,Patrick,Cooper,Patrick.Cooper575@email.com,+1 490494664,US,2026-12-20 09:00:00
cust_0054,Tyler,Davis,Tyler.Davis855@email.com,+33 4941025271,FR,2026-03-07 07:00:00
cust_0055,Nina,Rogers,Nina.Rogers921@email.com,+1 8165819200,US,2026-04-18 17:00:00
cust_0056,Fiona,Foster,Fiona.Foster106@email.com,+33 4003808565,FR,2026-03-25 19:00:00
cust_0057,Wendy,Bailey,Wendy.Bailey26@email.com,+1 8302791081,CA,2026-12-09 20:00:00
cust_0058,Uri,Nelson,Uri.Nelson274@email.com,+1 4769234471,CA,2026-01-20 20:00:00
cust_0059,Jade,Green,Jade.Green205@email.com,+81 5806738787,JP,2026-04-27 10:00:00
cust_0060,David,Simmons,David.Simmons198@email.com,+65 5714841644,SG,2026-02-05 19:00:00
cust_0061,Julia,Sanchez,Julia.Sanchez657@email.com,+65 128543408,SG,2026-05-14 09:00:00
cust_0062,Zack,Mitchell,Zack.Mitchell40@email.com,+44 6867221324,UK,2026-06-26 18:00:00
cust_0063,Oscar,Richardson,Oscar.Richardson621@email.com,+44 2486426797,UK,2026-05-11 07:00:00
cust_0064,Patrick,Richardson,Patrick.Richardson2@email.com,+49 5869286614,DE,2026-02-05 17:00:00
cust_0065,Ryan,Patterson,Ryan.Patterson322@email.com,+44 9889808912,UK,2026-06-08 17:00:00
cust_0066,Brooke,Edwards,Brooke.Edwards413@email.com,+61 2391183483,AU,2026-04-09 13:00:00
cust_0067,Kylie,Cook,Kylie.Cook694@email.com,+1 5597537178,CA,2026-10-08 20:00:00
cust_0068,Alice,Campbell,Alice.Campbell294@email.com,+49 7116906538,DE,2026-08-27 14:00:00
cust_0069,Faith,Gonzales,Faith.Gonzales219@email.com,+81 3170930353,JP,2026-12-04 08:00:00
cust_0070,Kevin,Brooks,Kevin.Brooks680@email.com,+33 9608687535,FR,2026-06-08 10:00:00
cust_0071,Zoe,Clark,Zoe.Clark26@email.com,+1 4617762160,US,2026-08-01 17:00:00
cust_0072,Yasmine,Young,Yasmine.Young736@email.com,+65 6428301077,SG,2026-05-05 09:00:00
cust_0073,Isla,Alexander,Isla.Alexander6@email.com,+44 7648257497,UK,2026-04-23 09:00:00
cust_0074,Opal,Kelly,Opal.Kelly476@email.com,+1 2404039673,US,2026-03-04 14:00:00
cust_0075,Rachel,Torres,Rachel.Torres684@email.com,+33 8133612497,FR,2026-11-10 20:00:00
cust_0076,Scott,Watson,Scott.Watson437@email.com,+81 3863479481,JP,2026-09-01 14:00:00
cust_0077,Hannah,Graham,Hannah.Graham254@email.com,+61 6543932947,AU,2026-11-17 10:00:00
cust_0078,Julia,Cox,Julia.Cox80@email.com,+61 5312109556,AU,2026-06-21 12:00:00
cust_0079,Tyler,Thomas,Tyler.Thomas142@email.com,+1 5298227800,CA,2026-12-22 09:00:00
cust_0080,Patrick,Scott,Patrick.Scott66@email.com,+65 6055593274,SG,2026-10-05 14:00:00
cust_0081,Caleb,Moore,Caleb.Moore212@email.com,+65 6777538527,SG,2026-09-02 07:00:00
cust_0082,Ursula,Campbell,Ursula.Campbell772@email.com,+65 5252173772,SG,2026-04-23 11:00:00
cust_0083,Eli,Ramirez,Eli.Ramirez30@email.com,+65 126402431,SG,2026-11-26 13:00:00
cust_0084,Rachel,Torres,Rachel.Torres187@email.com,+1 5422330148,US,2026-06-17 10:00:00
cust_0085,Holly,Edwards,Holly.Edwards346@email.com,+65 6115574449,SG,2026-02-11 14:00:00
cust_0086,Carol,Hamilton,Carol.Hamilton553@email.com,+1 1513068227,US,2026-11-29 08:00:00
cust_0087,Zena,Butler,Zena.Butler42@email.com,+1 4088551333,US,2026-04-13 20:00:00
cust_0088,Carol,Patterson,Carol.Patterson157@email.com,+49 4847082260,DE,2026-12-09 08:00:00
cust_0089,Ximena,Scott,Ximena.Scott477@email.com,+61 7598769565,AU,2026-03-27 16:00:00
cust_0090,Chloe,Hamilton,Chloe.Hamilton736@email.com,+44 1345901990,UK,2026-10-24 07:00:00
cust_0091,Nina,Henderson,Nina.Henderson694@email.com,+65 3080964768,SG,2026-02-08 16:00:00
cust_0092,Nathan,Hughes,Nathan.Hughes249@email.com,+44 3469716271,UK,2026-10-17 19:00:00
cust_0093,Frank,Sanchez,Frank.Sanchez546@email.com,+65 7146179811,SG,2026-02-05 15:00:00
cust_0094,Hugo,Stewart,Hugo.Stewart13@email.com,+65 7836851692,SG,2026-02-24 13:00:00
cust_0095,Vince,Flores,Vince.Flores913@email.com,+81 3047867512,JP,2026-08-11 09:00:00
cust_0096,Tara,Kelly,Tara.Kelly989@email.com,+61 7632026979,AU,2026-08-27 13:00:00
cust_0097,Tara,Jenkins,Tara.Jenkins275@email.com,+33 3668080160,FR,2026-02-14 11:00:00
cust_0098,Gavin,Nelson,Gavin.Nelson769@email.com,+81 7174814926,JP,2026-06-22 07:00:00
cust_0099,Mason,Edwards,Mason.Edwards187@email.com,+81 5216015111,JP,2026-05-13 12:00:00
cust_0100,Julia,Perry,Julia.Perry719@email.com,+61 2397104291,AU,2026-09-22 10:00:00
cust_0101,Karen,Adams,Karen.Adams738@email.com,+65 3266292393,SG,2026-12-20 14:00:00
cust_0102,Hugo,Diaz,Hugo.Diaz503@email.com,+81 3415620755,JP,2026-02-17 11:00:00
cust_0103,Chris,Murphy,Chris.Murphy709@email.com,+49 9915079483,DE,2026-10-25 12:00:00
cust_0104,Jade,Wood,Jade.Wood544@email.com,+33 5725705115,FR,2026-12-26 14:00:00
cust_0105,Ivan,Parker,Ivan.Parker258@email.com,+49 9118147652,DE,2026-04-09 12:00:00
cust_0106,Peter,Hamilton,Peter.Hamilton549@email.com,+1 832662216,CA,2026-09-05 11:00:00
cust_0107,Scott,Jenkins,Scott.Jenkins779@email.com,+61 4221261115,AU,2026-04-10 11:00:00
cust_0108,Diana,Rogers,Diana.Rogers184@email.com,+61 8660701349,AU,2026-10-01 09:00:00
cust_0109,Julia,Miller,Julia.Miller998@email.com,+1 6681625956,US,2026-12-24 09:00:00
cust_0110,Gina,Graham,Gina.Graham503@email.com,+44 3758302739,UK,2026-10-21 11:00:00
cust_0111,Jade,Gray,Jade.Gray452@email.com,+33 4525628633,FR,2026-09-02 08:00:00
cust_0112,Ivy,Murphy,Ivy.Murphy504@email.com,+44 2958284698,UK,2026-03-19 09:00:00
cust_0113,Ximena,Campbell,Ximena.Campbell88@email.com,+49 9108680176,DE,2026-08-02 16:00:00
cust_0114,Blake,Patterson,Blake.Patterson232@email.com,+65 6206439534,SG,2026-10-29 13:00:00
cust_0115,Nina,Ross,Nina.Ross636@email.com,+1 3188659381,US,2026-04-17 17:00:00
cust_0116,Bella,Mitchell,Bella.Mitchell677@email.com,+44 684555072,UK,2026-03-30 15:00:00
cust_0117,Jack,Lee,Jack.Lee3@email.com,+65 6855366946,SG,2026-05-30 07:00:00
cust_0118,Diana,Turner,Diana.Turner724@email.com,+61 1960049698,AU,2026-12-18 10:00:00
cust_0119,Hannah,Hughes,Hannah.Hughes604@email.com,+49 1835957977,DE,2026-10-06 10:00:00
cust_0120,Hugo,Lewis,Hugo.Lewis931@email.com,+61 3560353803,AU,2026-02-06 07:00:00
cust_0121,Victor,Parker,Victor.Parker610@email.com,+61 1896149718,AU,2026-08-28 18:00:00
cust_0122,Mike,Russell,Mike.Russell413@email.com,+61 6425801613,AU,2026-02-11 16:00:00
cust_0123,Frank,Richardson,Frank.Richardson753@email.com,+33 6897897660,FR,2026-01-14 08:00:00
cust_0124,Diana,Gonzales,Diana.Gonzales857@email.com,+1 9757475630,US,2026-01-21 19:00:00
cust_0125,Will,Hall,Will.Hall482@email.com,+81 8239469952,JP,2026-04-03 16:00:00
cust_0126,Eli,Flores,Eli.Flores834@email.com,+81 4172060546,JP,2026-08-29 12:00:00
cust_0127,Brooke,Collins,Brooke.Collins329@email.com,+44 3693935600,UK,2026-06-18 13:00:00
cust_0128,Nathan,James,Nathan.James296@email.com,+65 2372646960,SG,2026-08-21 08:00:00
cust_0129,Oscar,Carter,Oscar.Carter332@email.com,+44 4253939720,UK,2026-12-03 20:00:00
cust_0130,Tyler,Torres,Tyler.Torres424@email.com,+1 9405595474,US,2026-07-05 16:00:00
cust_0131,Will,James,Will.James641@email.com,+81 3274134512,JP,2026-04-15 11:00:00
cust_0132,Vera,Martinez,Vera.Martinez950@email.com,+61 7303928340,AU,2026-03-04 07:00:00
cust_0133,Felix,Powell,Felix.Powell819@email.com,+49 3058494026,DE,2026-06-09 15:00:00
cust_0134,Bob,Wood,Bob.Wood418@email.com,+44 4792279101,UK,2026-03-02 17:00:00
cust_0135,Tina,James,Tina.James956@email.com,+61 5479318275,AU,2026-09-05 14:00:00
cust_0136,Fiona,Ward,Fiona.Ward565@email.com,+1 1657489402,CA,2026-11-03 15:00:00
cust_0137,Violet,Robinson,Violet.Robinson885@email.com,+44 6087131430,UK,2026-09-17 11:00:00
cust_0138,Alice,Turner,Alice.Turner744@email.com,+61 7139391249,AU,2026-03-18 14:00:00
cust_0139,Sofia,Gray,Sofia.Gray354@email.com,+33 6638981661,FR,2026-08-22 12:00:00
cust_0140,Yara,Russell,Yara.Russell245@email.com,+65 7635905455,SG,2026-01-23 12:00:00
cust_0141,Violet,Peterson,Violet.Peterson723@email.com,+65 4222581851,SG,2026-09-11 07:00:00
cust_0142,Quinn,Watson,Quinn.Watson989@email.com,+33 3745334423,FR,2026-08-14 08:00:00
cust_0143,Reed,Ward,Reed.Ward16@email.com,+1 672976399,CA,2026-08-29 19:00:00
cust_0144,Hannah,Stewart,Hannah.Stewart639@email.com,+65 2801027186,SG,2026-06-18 20:00:00
cust_0145,Liam,Price,Liam.Price390@email.com,+33 2333646093,FR,2026-11-13 08:00:00
cust_0146,Ethan,Hughes,Ethan.Hughes701@email.com,+61 4293911723,AU,2026-02-16 13:00:00
cust_0147,Mia,Sullivan,Mia.Sullivan649@email.com,+44 1915584866,UK,2026-12-22 11:00:00
cust_0148,David,Miller,David.Miller333@email.com,+1 5564972315,US,2026-07-11 13:00:00
cust_0149,Sam,Nelson,Sam.Nelson544@email.com,+65 3413845222,SG,2026-03-29 09:00:00
cust_0150,Karen,Long,Karen.Long892@email.com,+65 5339323383,SG,2026-10-26 09:00:00
cust_0151,Diana,Torres,Diana.Torres654@email.com,+61 6278807553,AU,2026-12-08 07:00:00
cust_0152,Ian,Turner,Ian.Turner694@email.com,+1 4622201744,CA,2026-06-26 16:00:00
cust_0153,Mike,Flores,Mike.Flores986@email.com,+65 7269841263,SG,2026-08-22 20:00:00
cust_0154,Mike,King,Mike.King394@email.com,+81 468072318,JP,2026-07-15 16:00:00
cust_0155,Ursula,Henderson,Ursula.Henderson303@email.com,+61 6004940029,AU,2026-01-05 16:00:00
cust_0156,Maya,Woods,Maya.Woods763@email.com,+1 7505457335,US,2026-05-27 19:00:00
cust_0157,Diana,Powell,Diana.Powell822@email.com,+33 9540551910,FR,2026-04-08 16:00:00
cust_0158,George,Gonzales,George.Gonzales774@email.com,+1 2708305085,CA,2026-11-18 17:00:00
cust_0159,Frank,Parker,Frank.Parker808@email.com,+81 8743234156,JP,2026-07-06 18:00:00
cust_0160,Quinn,Jackson,Quinn.Jackson932@email.com,+61 1794572192,AU,2026-04-13 09:00:00
cust_0161,Tyler,Rogers,Tyler.Rogers544@email.com,+61 3576852761,AU,2026-05-12 20:00:00
cust_0162,Kyle,Phillips,Kyle.Phillips765@email.com,+33 3464152476,FR,2026-08-28 08:00:00
cust_0163,Sam,Graham,Sam.Graham990@email.com,+49 8513787171,DE,2026-10-13 12:00:00
cust_0164,Leo,Bell,Leo.Bell15@email.com,+61 2314560537,AU,2026-08-21 12:00:00
cust_0165,Liam,Hamilton,Liam.Hamilton689@email.com,+61 6815633786,AU,2026-11-23 12:00:00
cust_0166,Noah,Gonzales,Noah.Gonzales240@email.com,+81 8707414638,JP,2026-10-15 12:00:00
cust_0167,Derek,Green,Derek.Green664@email.com,+44 7316070814,UK,2026-11-29 13:00:00
cust_0168,Olivia,Robinson,Olivia.Robinson47@email.com,+1 2125806625,US,2026-02-19 10:00:00
cust_0169,Sofia,Robinson,Sofia.Robinson398@email.com,+81 6625076397,JP,2026-10-28 18:00:00
cust_0170,Tara,Lewis,Tara.Lewis907@email.com,+65 2822868150,SG,2026-09-08 16:00:00
cust_0171,Brooke,Roberts,Brooke.Roberts34@email.com,+33 5238133486,FR,2026-08-16 10:00:00
cust_0172,Vince,White,Vince.White703@email.com,+33 1550492440,FR,2026-07-23 11:00:00
cust_0173,Yara,Garcia,Yara.Garcia972@email.com,+81 8993668939,JP,2026-04-19 17:00:00
cust_0174,Gina,Perry,Gina.Perry995@email.com,+1 1442410914,US,2026-03-06 19:00:00
cust_0175,Ximena,Wright,Ximena.Wright71@email.com,+49 2528496186,DE,2026-04-30 12:00:00
cust_0176,Zena,Clark,Zena.Clark808@email.com,+1 4236368665,US,2026-03-08 15:00:00
cust_0177,George,Hall,George.Hall113@email.com,+1 576090561,US,2026-07-03 19:00:00
cust_0178,Ethan,Jenkins,Ethan.Jenkins332@email.com,+1 5053349038,US,2026-01-27 09:00:00
cust_0179,Uri,Rivera,Uri.Rivera539@email.com,+44 3212607993,UK,2026-09-01 14:00:00
cust_0180,Zena,Rogers,Zena.Rogers526@email.com,+44 2651863774,UK,2026-12-04 15:00:00
cust_0181,Mike,Ward,Mike.Ward659@email.com,+1 6029900273,US,2026-12-18 08:00:00
cust_0182,Luna,Diaz,Luna.Diaz932@email.com,+81 4651959772,JP,2026-11-08 09:00:00
cust_0183,Ivy,Martinez,Ivy.Martinez282@email.com,+33 5571543484,FR,2026-09-16 16:00:00
cust_0184,Eli,White,Eli.White813@email.com,+44 5228484323,UK,2026-08-20 10:00:00
cust_0185,Brooke,Stewart,Brooke.Stewart848@email.com,+81 6017500393,JP,2026-02-18 12:00:00
cust_0186,Demi,Evans,Demi.Evans682@email.com,+61 9255513772,AU,2026-08-31 08:00:00
cust_0187,Leo,Thomas,Leo.Thomas96@email.com,+65 9014675653,SG,2026-07-10 19:00:00
cust_0188,Quinn,Barnes,Quinn.Barnes62@email.com,+33 2887685081,FR,2026-07-30 12:00:00
cust_0189,Kylie,Graham,Kylie.Graham434@email.com,+1 8464207717,US,2026-11-04 11:00:00
cust_0190,Ursula,Harris,Ursula.Harris592@email.com,+49 9264495626,DE,2026-09-04 10:00:00
cust_0191,Noah,Sanchez,Noah.Sanchez866@email.com,+33 9796375965,FR,2026-04-26 19:00:00
cust_0192,Demi,Barnes,Demi.Barnes998@email.com,+1 7283403366,US,2026-01-15 09:00:00
cust_0193,Ivan,Russell,Ivan.Russell781@email.com,+61 8262940807,AU,2026-06-29 07:00:00
cust_0194,Xander,Clark,Xander.Clark580@email.com,+65 308867122,SG,2026-11-21 07:00:00
cust_0195,Leo,Hamilton,Leo.Hamilton544@email.com,+49 5920709963,DE,2026-08-21 12:00:00
cust_0196,Uma,Reed,Uma.Reed320@email.com,+33 235953184,FR,2026-03-22 19:00:00
cust_0197,Elena,Wilson,Elena.Wilson691@email.com,+44 5473640105,UK,2026-12-05 13:00:00
cust_0198,Luna,Powell,Luna.Powell453@email.com,+65 1183242669,SG,2026-09-20 08:00:00
cust_0199,Tom,Richardson,Tom.Richardson114@email.com,+61 6852459488,AU,2026-09-27 17:00:00
cust_0200,Nina,Miller,Nina.Miller226@email.com,+65 245286733,SG,2026-04-15 11:00:00
cust_0201,Bella,Wallace,Bella.Wallace141@email.com,+61 5548133249,AU,2026-03-03 07:00:00
cust_0202,Mason,Hamilton,Mason.Hamilton441@email.com,+1 4859815676,CA,2026-09-30 18:00:00
cust_0203,Diana,Watson,Diana.Watson573@email.com,+33 4614529187,FR,2026-01-22 13:00:00
cust_0204,Carol,Ward,Carol.Ward944@email.com,+44 8007701619,UK,2026-10-22 13:00:00
cust_0205,Yasmine,Murphy,Yasmine.Murphy727@email.com,+65 1253458354,SG,2026-07-27 07:00:00
cust_0206,Paula,Walker,Paula.Walker821@email.com,+81 8255348297,JP,2026-02-15 13:00:00
cust_0207,Noah,Nelson,Noah.Nelson447@email.com,+65 2260402001,SG,2026-07-22 20:00:00
cust_0208,Nina,Hamilton,Nina.Hamilton348@email.com,+49 732124509,DE,2026-09-19 17:00:00
cust_0209,Olivia,Sanders,Olivia.Sanders523@email.com,+49 5805522649,DE,2026-11-27 20:00:00
cust_0210,Sam,Adams,Sam.Adams106@email.com,+1 1109375147,CA,2026-03-30 16:00:00
cust_0211,Tina,Sullivan,Tina.Sullivan778@email.com,+44 6427183769,UK,2026-10-16 19:00:00
cust_0212,Zack,Howard,Zack.Howard698@email.com,+33 6998845536,FR,2026-03-19 14:00:00
cust_0213,Ivy,Peterson,Ivy.Peterson453@email.com,+61 7725177240,AU,2026-10-30 07:00:00
cust_0214,Ursula,Watson,Ursula.Watson76@email.com,+61 6288136169,AU,2026-01-20 07:00:00
cust_0215,Willa,Turner,Willa.Turner79@email.com,+44 6482806994,UK,2026-08-25 16:00:00
cust_0216,Vera,Ford,Vera.Ford918@email.com,+1 2809620568,US,2026-06-14 16:00:00
cust_0217,Jade,Watson,Jade.Watson155@email.com,+1 1944982045,US,2026-06-25 18:00:00
cust_0218,Karen,Watson,Karen.Watson662@email.com,+1 178114160,CA,2026-12-29 14:00:00
cust_0219,Faith,Sanders,Faith.Sanders536@email.com,+1 5867897124,CA,2026-05-25 13:00:00
cust_0220,Brooke,Woods,Brooke.Woods347@email.com,+1 7085122626,US,2026-02-03 12:00:00
cust_0221,Mia,Barnes,Mia.Barnes695@email.com,+65 5525369278,SG,2026-12-03 16:00:00
cust_0222,Tina,Collins,Tina.Collins84@email.com,+1 8242363331,CA,2026-06-08 17:00:00
cust_0223,Opal,Simmons,Opal.Simmons402@email.com,+1 4038688786,CA,2026-06-08 15:00:00
cust_0224,Xena,Washington,Xena.Washington811@email.com,+33 3502602049,FR,2026-12-10 18:00:00
cust_0225,Uri,Bryant,Uri.Bryant935@email.com,+44 1564039848,UK,2026-07-05 11:00:00
cust_0226,Xander,Scott,Xander.Scott350@email.com,+81 834656200,JP,2026-03-12 09:00:00
cust_0227,Jack,Phillips,Jack.Phillips865@email.com,+44 2271436148,UK,2026-12-05 12:00:00
cust_0228,York,Patterson,York.Patterson135@email.com,+65 672510569,SG,2026-04-03 20:00:00
cust_0229,Nathan,Wallace,Nathan.Wallace640@email.com,+1 7402424691,CA,2026-01-23 13:00:00
cust_0230,Vince,Gonzales,Vince.Gonzales737@email.com,+49 8469318641,DE,2026-11-09 11:00:00
cust_0231,Will,Hamilton,Will.Hamilton803@email.com,+81 9604969588,JP,2026-05-03 11:00:00
cust_0232,Jade,Young,Jade.Young377@email.com,+81 6570389844,JP,2026-03-24 20:00:00
cust_0233,Zoe,Powell,Zoe.Powell142@email.com,+61 8824045133,AU,2026-09-04 20:00:00
cust_0234,Willa,Wood,Willa.Wood957@email.com,+44 4840454240,UK,2026-02-12 19:00:00
cust_0235,Uma,Perez,Uma.Perez461@email.com,+1 7874285771,CA,2026-02-16 10:00:00
cust_0236,Gavin,Sanchez,Gavin.Sanchez953@email.com,+1 1791968664,US,2026-07-22 15:00:00
cust_0237,Willa,Adams,Willa.Adams396@email.com,+44 1620237679,UK,2026-01-15 12:00:00
cust_0238,Mia,Diaz,Mia.Diaz666@email.com,+33 3408953973,FR,2026-03-12 07:00:00
cust_0239,Kevin,Peterson,Kevin.Peterson713@email.com,+1 6319779967,CA,2026-11-12 07:00:00
cust_0240,Karen,Williams,Karen.Williams263@email.com,+49 3596139213,DE,2026-10-08 18:00:00
cust_0241,Chloe,Sanders,Chloe.Sanders434@email.com,+44 7638603366,UK,2026-05-02 11:00:00
cust_0242,Peter,Wilson,Peter.Wilson245@email.com,+65 6979918312,SG,2026-02-02 08:00:00
cust_0243,Mason,Perry,Mason.Perry549@email.com,+1 2479810046,US,2026-03-15 11:00:00
cust_0244,Demi,Johnson,Demi.Johnson630@email.com,+33 9633150143,FR,2026-08-02 09:00:00
cust_0245,Kylie,Foster,Kylie.Foster88@email.com,+33 2390064537,FR,2026-07-19 20:00:00
cust_0246,Jade,Miller,Jade.Miller651@email.com,+65 8518499533,SG,2026-05-10 18:00:00
cust_0247,Carol,Morris,Carol.Morris808@email.com,+44 1490915452,UK,2026-12-03 17:00:00
cust_0248,Noah,Wallace,Noah.Wallace596@email.com,+33 582989855,FR,2026-06-30 15:00:00
cust_0249,Sara,Washington,Sara.Washington180@email.com,+81 589187439,JP,2026-08-23 07:00:00
cust_0250,Laura,King,Laura.King45@email.com,+49 3814440746,DE,2026-06-11 11:00:00
cust_0251,Owen,Bell,Owen.Bell835@email.com,+81 1097974350,JP,2026-11-28 10:00:00
cust_0252,Kevin,Morris,Kevin.Morris883@email.com,+1 5730572969,US,2026-03-05 19:00:00
cust_0253,Willa,Richardson,Willa.Richardson911@email.com,+65 7497449580,SG,2026-07-17 12:00:00
cust_0254,Xander,James,Xander.James709@email.com,+81 8954748312,JP,2026-08-06 08:00:00
cust_0255,Eli,Powell,Eli.Powell843@email.com,+1 6647761996,CA,2026-06-14 08:00:00
cust_0256,Karen,Edwards,Karen.Edwards677@email.com,+61 5621356986,AU,2026-11-05 18:00:00
cust_0257,Demi,Walker,Demi.Walker707@email.com,+81 5814850108,JP,2026-01-22 18:00:00
cust_0258,Ursula,Long,Ursula.Long446@email.com,+61 256351029,AU,2026-12-10 17:00:00
cust_0259,Adam,Rogers,Adam.Rogers526@email.com,+1 4102199300,CA,2026-03-15 20:00:00
cust_0260,Chloe,Gonzales,Chloe.Gonzales801@email.com,+81 159460439,JP,2026-02-04 10:00:00
cust_0261,Zena,Washington,Zena.Washington376@email.com,+33 2446297208,FR,2026-11-06 09:00:00
cust_0262,Liam,Howard,Liam.Howard972@email.com,+33 5902752604,FR,2026-02-09 16:00:00
cust_0263,Rachel,Sanders,Rachel.Sanders376@email.com,+65 9950209778,SG,2026-05-23 10:00:00
cust_0264,Olivia,Brown,Olivia.Brown754@email.com,+1 2422365931,CA,2026-05-15 19:00:00
cust_0265,Hannah,Griffin,Hannah.Griffin457@email.com,+49 9826477929,DE,2026-09-09 10:00:00
cust_0266,Peter,Robinson,Peter.Robinson874@email.com,+44 1951508568,UK,2027-01-01 14:00:00
cust_0267,Leo,Bryant,Leo.Bryant991@email.com,+33 7173317351,FR,2026-12-30 08:00:00
cust_0268,Vera,Bennett,Vera.Bennett298@email.com,+61 3666572173,AU,2026-12-31 18:00:00
cust_0269,Opal,Flores,Opal.Flores179@email.com,+33 2195089287,FR,2026-03-04 10:00:00
cust_0270,Rachel,Adams,Rachel.Adams810@email.com,+81 4417856339,JP,2026-10-11 16:00:00
cust_0271,Willa,Torres,Willa.Torres823@email.com,+1 380292681,CA,2026-06-08 13:00:00
cust_0272,Rosa,Hayes,Rosa.Hayes491@email.com,+65 7608503901,SG,2026-10-22 08:00:00
cust_0273,Quinn,Evans,Quinn.Evans658@email.com,+44 6237593033,UK,2026-12-15 15:00:00
cust_0274,Tom,Martinez,Tom.Martinez900@email.com,+1 4859159641,CA,2026-09-15 20:00:00
cust_0275,Henry,Garcia,Henry.Garcia531@email.com,+1 1316204982,CA,2026-03-24 12:00:00
cust_0276,Patrick,Green,Patrick.Green355@email.com,+61 3643257620,AU,2026-05-09 10:00:00
cust_0277,Gina,Wood,Gina.Wood282@email.com,+1 6989417888,CA,2026-11-11 15:00:00
cust_0278,Leo,Watson,Leo.Watson657@email.com,+1 2503857758,CA,2026-03-29 17:00:00
cust_0279,Elena,Hayes,Elena.Hayes924@email.com,+33 2430721027,FR,2026-01-15 08:00:00
cust_0280,Frank,Washington,Frank.Washington790@email.com,+61 2806581976,AU,2026-10-20 13:00:00
cust_0281,Elena,Flores,Elena.Flores32@email.com,+81 6648204740,JP,2026-11-25 11:00:00
cust_0282,Kyle,Nelson,Kyle.Nelson825@email.com,+65 5582436051,SG,2026-02-07 18:00:00
cust_0283,Henry,Lee,Henry.Lee451@email.com,+65 6384810067,SG,2026-04-15 12:00:00
cust_0284,Chloe,Clark,Chloe.Clark321@email.com,+33 8001977937,FR,2026-07-24 09:00:00
cust_0285,Xia,Reed,Xia.Reed528@email.com,+44 1380592316,UK,2026-08-27 08:00:00
cust_0286,Ivan,Howard,Ivan.Howard254@email.com,+1 425802902,CA,2026-05-29 13:00:00
cust_0287,Derek,Rivera,Derek.Rivera255@email.com,+1 7798828039,CA,2026-10-23 18:00:00
cust_0288,Oscar,Young,Oscar.Young782@email.com,+1 6515693643,CA,2026-09-13 11:00:00
cust_0289,Mason,Williams,Mason.Williams93@email.com,+65 6475834732,SG,2026-05-04 10:00:00
cust_0290,Zack,Morris,Zack.Morris50@email.com,+1 5513383556,US,2026-11-02 20:00:00
cust_0291,Isla,Gonzales,Isla.Gonzales482@email.com,+61 2315069227,AU,2026-02-25 13:00:00
cust_0292,Rachel,Mitchell,Rachel.Mitchell745@email.com,+33 7585707116,FR,2026-07-07 07:00:00
cust_0293,Adam,Wilson,Adam.Wilson584@email.com,+49 1249534867,DE,2026-07-17 15:00:00
cust_0294,Gavin,Sullivan,Gavin.Sullivan564@email.com,+61 2634410325,AU,2026-03-07 08:00:00
cust_0295,Zara,Reed,Zara.Reed814@email.com,+33 629623590,FR,2026-11-05 15:00:00
cust_0296,Adam,Watson,Adam.Watson42@email.com,+1 177134213,US,2027-01-01 12:00:00
cust_0297,Jade,Kelly,Jade.Kelly468@email.com,+1 2224080278,CA,2026-06-17 16:00:00
cust_0298,Oscar,Lee,Oscar.Lee403@email.com,+61 6854995269,AU,2026-09-17 20:00:00
cust_0299,Owen,Price,Owen.Price502@email.com,+61 4376422491,AU,2026-06-19 17:00:00
cust_0300,Olivia,Rivera,Olivia.Rivera598@email.com,+61 8714383251,AU,2026-08-31 11:00:00
cust_0301,Isla,Woods,Isla.Woods593@email.com,+49 3108389895,DE,2026-10-26 14:00:00
cust_0302,Victor,Sanders,Victor.Sanders645@email.com,+65 2933699745,SG,2026-01-17 16:00:00
cust_0303,Opal,Martin,Opal.Martin196@email.com,+1 6199213526,US,2026-08-03 09:00:00
cust_0304,Brooke,Alexander,Brooke.Alexander209@email.com,+65 3134168227,SG,2026-12-28 09:00:00
cust_0305,Piper,Wright,Piper.Wright575@email.com,+33 5923417379,FR,2026-03-30 14:00:00
cust_0306,Sofia,Stewart,Sofia.Stewart560@email.com,+33 9735361506,FR,2026-09-05 10:00:00
cust_0307,Fiona,Roberts,Fiona.Roberts572@email.com,+61 9841197912,AU,2026-04-17 18:00:00
cust_0308,Patrick,Ramirez,Patrick.Ramirez325@email.com,+81 5479458472,JP,2026-03-04 16:00:00
cust_0309,Liam,Bennett,Liam.Bennett389@email.com,+65 7819871735,SG,2026-03-16 11:00:00
cust_0310,Frank,Turner,Frank.Turner979@email.com,+44 9701353069,UK,2026-09-03 10:00:00
cust_0311,Zoe,Price,Zoe.Price278@email.com,+61 599582865,AU,2026-11-12 18:00:00
cust_0312,Amber,Adams,Amber.Adams249@email.com,+1 2290805846,US,2026-11-23 10:00:00
cust_0313,Grace,White,Grace.White424@email.com,+33 7385996697,FR,2026-02-21 17:00:00
cust_0314,York,Robinson,York.Robinson6@email.com,+1 8077664957,CA,2026-09-02 17:00:00
cust_0315,Zoe,Graham,Zoe.Graham988@email.com,+61 5684372082,AU,2026-11-27 07:00:00
cust_0316,York,Jackson,York.Jackson668@email.com,+49 4032964382,DE,2026-03-31 13:00:00
cust_0317,Wendy,Davis,Wendy.Davis857@email.com,+65 7689232444,SG,2026-04-06 18:00:00
cust_0318,Laura,Davis,Laura.Davis10@email.com,+61 8526893896,AU,2026-05-26 14:00:00
cust_0319,Hugo,Bennett,Hugo.Bennett537@email.com,+81 6470544248,JP,2026-05-20 10:00:00
cust_0320,Olivia,Collins,Olivia.Collins167@email.com,+81 7089331637,JP,2026-04-06 07:00:00
cust_0321,Uri,Stewart,Uri.Stewart810@email.com,+61 3262504650,AU,2026-03-31 16:00:00
cust_0322,Gina,Murphy,Gina.Murphy847@email.com,+65 6518080884,SG,2026-02-14 13:00:00
cust_0323,Kylie,White,Kylie.White190@email.com,+1 6355617046,CA,2026-05-08 07:00:00
cust_0324,Hannah,Morgan,Hannah.Morgan242@email.com,+81 7542327465,JP,2026-06-18 11:00:00
cust_0325,Zack,Hayes,Zack.Hayes587@email.com,+1 9723296825,US,2026-07-04 18:00:00
cust_0326,Ethan,Moore,Ethan.Moore684@email.com,+44 6303823553,UK,2026-03-23 13:00:00
cust_0327,Maya,Watson,Maya.Watson946@email.com,+61 2974774623,AU,2026-11-24 11:00:00
cust_0328,Willa,Long,Willa.Long227@email.com,+49 4121832212,DE,2026-09-02 09:00:00
cust_0329,Holly,Hamilton,Holly.Hamilton621@email.com,+33 9662790514,FR,2026-11-02 20:00:00
cust_0330,Karen,Sanders,Karen.Sanders458@email.com,+33 2433086220,FR,2026-02-01 20:00:00
cust_0331,Vera,Watson,Vera.Watson208@email.com,+1 5011648993,CA,2026-09-24 14:00:00
cust_0332,Olivia,Bryant,Olivia.Bryant211@email.com,+81 6497012742,JP,2026-01-29 14:00:00
cust_0333,Quinn,Brooks,Quinn.Brooks426@email.com,+81 2431980125,JP,2026-10-14 14:00:00
cust_0334,Liam,Parker,Liam.Parker741@email.com,+1 6005554056,US,2026-01-02 18:00:00
cust_0335,Bella,Coleman,Bella.Coleman75@email.com,+1 6124733717,US,2026-12-25 08:00:00
cust_0336,Tyler,Moore,Tyler.Moore958@email.com,+44 2037530378,UK,2026-05-27 13:00:00
cust_0337,Xander,Wallace,Xander.Wallace139@email.com,+65 8133215994,SG,2026-08-18 20:00:00
cust_0338,Xena,Cook,Xena.Cook83@email.com,+1 1503660313,CA,2026-04-02 15:00:00
cust_0339,Zara,Sanders,Zara.Sanders131@email.com,+49 3595531525,DE,2026-01-12 11:00:00
cust_0340,Ian,Gonzales,Ian.Gonzales737@email.com,+65 6589604766,SG,2026-04-28 10:00:00
cust_0341,Holly,Sanchez,Holly.Sanchez159@email.com,+61 3297754238,AU,2026-01-17 19:00:00
cust_0342,Jake,Rivera,Jake.Rivera630@email.com,+1 1043653860,US,2026-02-04 08:00:00
cust_0343,Blake,Davis,Blake.Davis458@email.com,+1 9651059762,US,2026-01-23 13:00:00
cust_0344,Faith,Baker,Faith.Baker553@email.com,+49 3343167876,DE,2026-03-13 15:00:00
cust_0345,Laura,Baker,Laura.Baker836@email.com,+33 7819893329,FR,2026-05-02 11:00:00
cust_0346,Sam,Simmons,Sam.Simmons534@email.com,+49 6081194857,DE,2026-05-21 07:00:00
cust_0347,Wade,Jenkins,Wade.Jenkins901@email.com,+1 2138675098,CA,2026-06-26 17:00:00
cust_0348,Kylie,Cook,Kylie.Cook805@email.com,+33 7295589122,FR,2026-07-29 09:00:00
cust_0349,Mike,Cook,Mike.Cook189@email.com,+81 5272814762,JP,2026-12-29 09:00:00
cust_0350,Ian,Moore,Ian.Moore576@email.com,+65 8461577335,SG,2026-10-13 15:00:00
cust_0351,Rachel,Morgan,Rachel.Morgan249@email.com,+61 5178291913,AU,2026-11-28 08:00:00
cust_0352,Gavin,Reed,Gavin.Reed95@email.com,+49 4526315438,DE,2026-07-13 17:00:00
cust_0353,Chloe,Powell,Chloe.Powell41@email.com,+44 2410244542,UK,2026-09-03 10:00:00
cust_0354,Ryan,Campbell,Ryan.Campbell980@email.com,+1 3194611760,US,2026-09-03 10:00:00
cust_0355,Opal,Powell,Opal.Powell721@email.com,+49 9627853228,DE,2026-06-14 19:00:00
cust_0356,Kevin,Cook,Kevin.Cook478@email.com,+33 5629630925,FR,2026-07-04 15:00:00
cust_0357,Mason,Torres,Mason.Torres101@email.com,+81 5177393219,JP,2026-06-10 13:00:00
cust_0358,Frank,Ross,Frank.Ross885@email.com,+49 3193654731,DE,2026-01-09 11:00:00
cust_0359,Vera,Coleman,Vera.Coleman594@email.com,+65 1277841227,SG,2026-04-11 12:00:00
cust_0360,Diana,Cook,Diana.Cook584@email.com,+49 7246361108,DE,2026-05-12 19:00:00
cust_0361,Luna,Hayes,Luna.Hayes658@email.com,+81 1989245480,JP,2026-06-30 09:00:00
cust_0362,Rachel,Hayes,Rachel.Hayes560@email.com,+81 4121301175,JP,2026-09-26 07:00:00
cust_0363,Jack,Foster,Jack.Foster50@email.com,+1 1781211118,US,2026-11-19 10:00:00
cust_0364,Ivy,Griffin,Ivy.Griffin155@email.com,+1 9539328428,US,2026-08-22 12:00:00
cust_0365,Henry,Patterson,Henry.Patterson654@email.com,+81 7136571968,JP,2026-01-09 07:00:00
cust_0366,Sofia,Wood,Sofia.Wood422@email.com,+1 8671772834,US,2026-05-21 15:00:00
cust_0367,Kevin,Williams,Kevin.Williams515@email.com,+65 3917446848,SG,2026-02-24 08:00:00
cust_0368,Reed,Lewis,Reed.Lewis247@email.com,+49 5827280229,DE,2026-07-23 08:00:00
cust_0369,Willa,Murphy,Willa.Murphy471@email.com,+49 5275016831,DE,2026-12-17 20:00:00
cust_0370,Karen,Butler,Karen.Butler879@email.com,+1 4706548897,US,2026-07-14 13:00:00
cust_0371,Vera,Peterson,Vera.Peterson58@email.com,+1 3028696945,US,2026-02-12 14:00:00
cust_0372,Eli,Washington,Eli.Washington804@email.com,+33 192758417,FR,2026-04-19 20:00:00
cust_0373,Nathan,Ross,Nathan.Ross487@email.com,+61 8919257076,AU,2026-05-24 15:00:00
cust_0374,Ximena,Simmons,Ximena.Simmons34@email.com,+1 1360701477,CA,2026-04-17 16:00:00
cust_0375,Sam,Graham,Sam.Graham841@email.com,+65 3999487508,SG,2026-06-03 09:00:00
cust_0376,Ximena,Adams,Ximena.Adams581@email.com,+65 6626665277,SG,2026-07-16 19:00:00
cust_0377,Uri,Robinson,Uri.Robinson810@email.com,+44 8489654136,UK,2026-01-28 08:00:00
cust_0378,Eli,Baker,Eli.Baker859@email.com,+44 7627360361,UK,2026-01-16 17:00:00
cust_0379,Ivan,Howard,Ivan.Howard503@email.com,+49 8347145038,DE,2026-08-10 09:00:00
cust_0380,Maya,Coleman,Maya.Coleman677@email.com,+65 6961902330,SG,2026-05-07 18:00:00
cust_0381,Jack,Thomas,Jack.Thomas275@email.com,+1 9262548778,CA,2026-07-19 12:00:00
cust_0382,Vince,Harris,Vince.Harris94@email.com,+1 8354950649,US,2026-08-16 12:00:00
cust_0383,Xia,Perez,Xia.Perez105@email.com,+1 384938761,CA,2026-08-09 14:00:00
cust_0384,Wade,Barnes,Wade.Barnes525@email.com,+65 453639751,SG,2026-02-15 12:00:00
cust_0385,Vera,Jackson,Vera.Jackson612@email.com,+33 8014608615,FR,2026-01-07 11:00:00
cust_0386,Brooke,Morgan,Brooke.Morgan798@email.com,+44 9642505791,UK,2026-09-24 09:00:00
cust_0387,Maya,Cook,Maya.Cook174@email.com,+1 5459965466,CA,2026-05-18 14:00:00
cust_0388,Sam,Taylor,Sam.Taylor172@email.com,+65 5490214504,SG,2026-06-03 14:00:00
cust_0389,Jack,Rogers,Jack.Rogers258@email.com,+49 2658572296,DE,2026-08-23 08:00:00
cust_0390,Rachel,Campbell,Rachel.Campbell7@email.com,+65 6968672456,SG,2026-06-18 14:00:00
cust_0391,Ryan,Richardson,Ryan.Richardson836@email.com,+1 5595327015,CA,2026-11-05 18:00:00
cust_0392,Zoe,Gray,Zoe.Gray322@email.com,+1 8447783771,CA,2026-06-13 11:00:00
cust_0393,Uri,Alexander,Uri.Alexander649@email.com,+81 3368554365,JP,2026-06-16 13:00:00
cust_0394,Julia,Bell,Julia.Bell374@email.com,+44 9458069255,UK,2026-10-07 09:00:00
cust_0395,Maya,Wallace,Maya.Wallace564@email.com,+1 3052413312,US,2026-08-13 19:00:00
cust_0396,Laura,Alexander,Laura.Alexander71@email.com,+65 7195384294,SG,2026-03-13 17:00:00
cust_0397,Mike,Adams,Mike.Adams259@email.com,+1 7376884200,CA,2026-07-13 08:00:00
cust_0398,Gavin,Perry,Gavin.Perry491@email.com,+65 8464334062,SG,2026-12-26 19:00:00
cust_0399,Sofia,Perry,Sofia.Perry654@email.com,+44 9666078487,UK,2026-12-07 12:00:00
cust_0400,Victor,Washington,Victor.Washington628@email.com,+1 7082709948,US,2026-06-19 19:00:00
cust_0401,Eli,Harris,Eli.Harris11@email.com,+44 1121272861,UK,2026-09-19 18:00:00
cust_0402,Piper,Barnes,Piper.Barnes595@email.com,+49 6219571615,DE,2026-07-20 14:00:00
cust_0403,York,Gonzales,York.Gonzales603@email.com,+1 4410463094,CA,2026-02-23 11:00:00
cust_0404,Caleb,Thomas,Caleb.Thomas119@email.com,+1 5801027463,CA,2026-06-25 14:00:00
cust_0405,Aaron,Kelly,Aaron.Kelly495@email.com,+33 2055102506,FR,2026-08-13 18:00:00
cust_0406,Opal,Howard,Opal.Howard327@email.com,+44 1299624427,UK,2026-12-30 08:00:00
cust_0407,Carol,Stewart,Carol.Stewart664@email.com,+44 9647532723,UK,2026-03-31 15:00:00
cust_0408,Uma,Collins,Uma.Collins574@email.com,+65 8421532909,SG,2026-04-29 19:00:00
cust_0409,Adam,Hughes,Adam.Hughes189@email.com,+1 6160970643,CA,2026-01-15 18:00:00
cust_0410,Derek,King,Derek.King461@email.com,+65 1680036982,SG,2026-12-27 10:00:00
cust_0411,Aaron,Roberts,Aaron.Roberts771@email.com,+44 2489690385,UK,2026-10-02 09:00:00
cust_0412,Vince,Edwards,Vince.Edwards202@email.com,+81 4794400161,JP,2026-12-10 20:00:00
cust_0413,Luna,Sanders,Luna.Sanders990@email.com,+33 6868937483,FR,2026-11-09 13:00:00
cust_0414,Amber,Martin,Amber.Martin357@email.com,+33 7936438617,FR,2026-11-13 09:00:00
cust_0415,Liam,Griffin,Liam.Griffin820@email.com,+61 2544753843,AU,2026-12-11 09:00:00
cust_0416,Oscar,Garcia,Oscar.Garcia245@email.com,+61 512291736,AU,2026-07-11 18:00:00
cust_0417,Sam,Brooks,Sam.Brooks398@email.com,+65 2571629386,SG,2026-10-22 13:00:00
cust_0418,Demi,Allen,Demi.Allen499@email.com,+1 2393331379,CA,2026-09-08 11:00:00
cust_0419,Rachel,Allen,Rachel.Allen323@email.com,+81 2670345628,JP,2026-07-03 07:00:00
cust_0420,Luna,Robinson,Luna.Robinson200@email.com,+65 6430846622,SG,2026-12-17 14:00:00
cust_0421,Caleb,Griffin,Caleb.Griffin861@email.com,+81 2108948446,JP,2026-02-12 16:00:00
cust_0422,David,Sullivan,David.Sullivan226@email.com,+61 4445391625,AU,2026-04-26 15:00:00
cust_0423,Kevin,Walker,Kevin.Walker800@email.com,+81 2203894984,JP,2026-10-21 08:00:00
cust_0424,Ivan,Woods,Ivan.Woods557@email.com,+33 3260372185,FR,2026-08-14 15:00:00
cust_0425,Bella,Cooper,Bella.Cooper105@email.com,+49 4302015249,DE,2026-08-19 11:00:00
cust_0426,Tom,Jackson,Tom.Jackson450@email.com,+44 1027675569,UK,2026-10-29 18:00:00
cust_0427,Tom,Griffin,Tom.Griffin625@email.com,+65 9312820220,SG,2026-03-13 19:00:00
cust_0428,Aaron,Wright,Aaron.Wright825@email.com,+1 6753417981,US,2026-09-30 11:00:00
cust_0429,Blake,Price,Blake.Price173@email.com,+33 5561823759,FR,2026-10-21 11:00:00
cust_0430,Owen,Gonzales,Owen.Gonzales835@email.com,+44 2827053070,UK,2026-12-26 20:00:00
cust_0431,Quinn,Nelson,Quinn.Nelson150@email.com,+33 3568302256,FR,2026-12-13 13:00:00
cust_0432,Luna,Clark,Luna.Clark592@email.com,+61 7001402837,AU,2026-07-12 14:00:00
cust_0433,Jack,Flores,Jack.Flores814@email.com,+44 7525344013,UK,2026-12-22 12:00:00
cust_0434,Holly,Ramirez,Holly.Ramirez336@email.com,+1 8999974968,US,2026-08-23 17:00:00
cust_0435,Kylie,Russell,Kylie.Russell367@email.com,+44 1718176663,UK,2026-08-08 20:00:00
cust_0436,Bella,James,Bella.James275@email.com,+33 7862676046,FR,2026-06-22 15:00:00
cust_0437,Yasmine,Martinez,Yasmine.Martinez580@email.com,+81 7690705725,JP,2026-12-16 19:00:00
cust_0438,Grace,Miller,Grace.Miller102@email.com,+81 79927882,JP,2026-03-22 14:00:00
cust_0439,Holly,Johnson,Holly.Johnson982@email.com,+65 7096684009,SG,2026-03-23 20:00:00
cust_0440,Julia,Jackson,Julia.Jackson671@email.com,+33 1085413763,FR,2026-07-10 17:00:00
cust_0441,Isla,Walker,Isla.Walker54@email.com,+65 6991917208,SG,2026-12-25 19:00:00
cust_0442,Diana,Cooper,Diana.Cooper672@email.com,+44 3032360089,UK,2026-01-01 10:00:00
cust_0443,Kyle,Anderson,Kyle.Anderson136@email.com,+49 1921547690,DE,2026-01-05 18:00:00
cust_0444,Sara,Garcia,Sara.Garcia881@email.com,+65 2990840461,SG,2026-09-02 08:00:00
cust_0445,Diana,Morgan,Diana.Morgan92@email.com,+44 4748214525,UK,2026-07-08 11:00:00
cust_0446,Rachel,Cook,Rachel.Cook793@email.com,+1 2918281627,CA,2026-02-05 15:00:00
cust_0447,Ximena,Smith,Ximena.Smith625@email.com,+1 6195179917,CA,2026-04-20 17:00:00
cust_0448,Violet,Lewis,Violet.Lewis942@email.com,+65 943058809,SG,2026-02-21 09:00:00
cust_0449,Will,Garcia,Will.Garcia604@email.com,+65 6149177917,SG,2026-03-13 10:00:00
cust_0450,Julia,Washington,Julia.Washington87@email.com,+49 6914559790,DE,2026-12-20 07:00:00
cust_0451,Jake,Campbell,Jake.Campbell211@email.com,+49 7516931282,DE,2026-06-01 17:00:00
cust_0452,Grace,Adams,Grace.Adams507@email.com,+65 494230338,SG,2026-09-13 17:00:00
cust_0453,Blake,Anderson,Blake.Anderson541@email.com,+1 8543595495,US,2026-06-12 09:00:00
cust_0454,Yusuf,Ross,Yusuf.Ross431@email.com,+33 323497572,FR,2026-10-28 08:00:00
cust_0455,Bob,Mitchell,Bob.Mitchell221@email.com,+1 3972447893,US,2026-07-23 15:00:00
cust_0456,Kevin,Hughes,Kevin.Hughes730@email.com,+65 1737768349,SG,2026-11-24 15:00:00
cust_0457,Sofia,Long,Sofia.Long157@email.com,+61 4664014006,AU,2026-02-10 15:00:00
cust_0458,Aaron,Lewis,Aaron.Lewis550@email.com,+33 4588929439,FR,2026-12-24 13:00:00
cust_0459,Tara,Adams,Tara.Adams60@email.com,+49 1876092821,DE,2026-08-21 16:00:00
cust_0460,Chloe,Moore,Chloe.Moore317@email.com,+1 523003815,CA,2026-12-29 09:00:00
cust_0461,Opal,Smith,Opal.Smith168@email.com,+81 8398140708,JP,2026-09-25 15:00:00
cust_0462,Scott,Mitchell,Scott.Mitchell171@email.com,+33 9145097407,FR,2026-05-18 18:00:00
cust_0463,Peter,Wallace,Peter.Wallace922@email.com,+1 6148902282,US,2026-09-26 08:00:00
cust_0464,Hannah,Diaz,Hannah.Diaz999@email.com,+44 6435904890,UK,2026-09-19 12:00:00
cust_0465,Henry,James,Henry.James880@email.com,+1 1589206999,CA,2026-05-11 19:00:00
cust_0466,Noah,Henderson,Noah.Henderson691@email.com,+44 9580924106,UK,2026-09-18 07:00:00
cust_0467,Frank,Smith,Frank.Smith251@email.com,+1 6331180787,US,2026-07-16 09:00:00
cust_0468,Wendy,Davis,Wendy.Davis567@email.com,+65 5269253237,SG,2026-05-08 13:00:00
cust_0469,Scott,Evans,Scott.Evans278@email.com,+44 6759695577,UK,2026-03-03 15:00:00
cust_0470,Liam,Wilson,Liam.Wilson184@email.com,+49 4225140451,DE,2026-07-25 08:00:00
cust_0471,Ian,Turner,Ian.Turner793@email.com,+61 1415746777,AU,2026-10-11 14:00:00
cust_0472,Bob,Reed,Bob.Reed206@email.com,+61 9905215113,AU,2026-11-15 10:00:00
cust_0473,Ian,Reed,Ian.Reed606@email.com,+81 3342404822,JP,2026-10-07 19:00:00
cust_0474,Fiona,Lewis,Fiona.Lewis7@email.com,+65 112693781,SG,2026-10-05 12:00:00
cust_0475,Gina,Alexander,Gina.Alexander899@email.com,+1 8389439373,US,2026-01-01 19:00:00
cust_0476,Jake,Cook,Jake.Cook870@email.com,+61 456457642,AU,2026-09-29 10:00:00
cust_0477,Caleb,Ramirez,Caleb.Ramirez985@email.com,+1 9211424036,US,2026-05-24 08:00:00
cust_0478,Frank,Baker,Frank.Baker919@email.com,+65 5904808149,SG,2026-02-13 16:00:00
cust_0479,Mia,Watson,Mia.Watson137@email.com,+65 8921329062,SG,2026-10-18 07:00:00
cust_0480,Eli,Simmons,Eli.Simmons988@email.com,+1 5321894154,CA,2026-05-14 20:00:00
cust_0481,Oscar,Bell,Oscar.Bell718@email.com,+33 5671014794,FR,2026-05-20 10:00:00
cust_0482,Jack,King,Jack.King140@email.com,+44 677483244,UK,2026-03-26 14:00:00
cust_0483,Ian,Evans,Ian.Evans417@email.com,+44 6606745715,UK,2026-04-17 14:00:00
cust_0484,Nina,Torres,Nina.Torres272@email.com,+44 398354759,UK,2026-12-18 11:00:00
cust_0485,Patrick,Russell,Patrick.Russell618@email.com,+1 7983921474,US,2026-03-17 08:00:00
cust_0486,Rosa,Nelson,Rosa.Nelson992@email.com,+33 8810175892,FR,2026-06-03 11:00:00
cust_0487,Wendy,Brown,Wendy.Brown975@email.com,+65 7975451958,SG,2026-10-12 18:00:00
cust_0488,Vera,Nelson,Vera.Nelson97@email.com,+81 3419386903,JP,2026-03-04 07:00:00
cust_0489,Henry,Woods,Henry.Woods228@email.com,+1 6025453083,CA,2026-12-18 17:00:00
cust_0490,Hugo,Thomas,Hugo.Thomas597@email.com,+61 332067505,AU,2026-02-03 10:00:00
cust_0491,Hugo,Cox,Hugo.Cox829@email.com,+1 7779111397,CA,2026-03-04 07:00:00
cust_0492,Ian,Wilson,Ian.Wilson173@email.com,+65 6001473746,SG,2026-01-16 13:00:00
cust_0493,Maya,Cooper,Maya.Cooper177@email.com,+33 5108775210,FR,2026-05-24 14:00:00
cust_0494,Tina,Davis,Tina.Davis629@email.com,+49 7085006851,DE,2026-09-13 13:00:00
cust_0495,Vera,Gray,Vera.Gray63@email.com,+44 5506596008,UK,2026-03-12 13:00:00
cust_0496,Zoe,Washington,Zoe.Washington906@email.com,+49 3423838650,DE,2026-07-15 19:00:00
cust_0497,Rosa,Morris,Rosa.Morris492@email.com,+81 5686247763,JP,2026-05-19 09:00:00
cust_0498,David,Evans,David.Evans612@email.com,+49 1216596621,DE,2026-08-30 15:00:00
cust_0499,Ursula,Wallace,Ursula.Wallace599@email.com,+49 4193211669,DE,2026-02-21 10:00:00
cust_0500,Jake,Adams,Jake.Adams273@email.com,+1 4080780669,US,2026-10-22 20:00:00
cust_0501,Yusuf,Morris,Yusuf.Morris958@email.com,+1 766345332,CA,2026-10-31 12:00:00
cust_0502,Uri,Russell,Uri.Russell368@email.com,+1 9210259282,US,2026-04-07 20:00:00
cust_0503,Mason,Bennett,Mason.Bennett317@email.com,+1 2116408413,CA,2026-02-16 07:00:00
cust_0504,Diana,Powell,Diana.Powell225@email.com,+1 6566046460,US,2026-01-01 12:00:00
cust_0505,Derek,King,Derek.King826@email.com,+1 8033931339,CA,2026-01-31 07:00:00
cust_0506,Sam,Jenkins,Sam.Jenkins722@email.com,+1 3335878813,CA,2026-09-27 20:00:00
cust_0507,Vince,Anderson,Vince.Anderson383@email.com,+65 2526922421,SG,2026-06-22 11:00:00
cust_0508,Paula,Robinson,Paula.Robinson1000@email.com,+1 1372721798,CA,2026-12-29 15:00:00
cust_0509,Nathan,Long,Nathan.Long806@email.com,+33 9558731113,FR,2026-10-29 20:00:00
cust_0510,Wendy,Cook,Wendy.Cook315@email.com,+61 556957087,AU,2026-01-01 18:00:00
cust_0511,Yasmine,Bell,Yasmine.Bell872@email.com,+1 9381969791,US,2026-06-12 19:00:00
cust_0512,Derek,Green,Derek.Green655@email.com,+44 8328010743,UK,2026-03-14 12:00:00
cust_0513,Violet,Anderson,Violet.Anderson244@email.com,+33 8524255777,FR,2026-03-27 17:00:00
cust_0514,Leo,Griffin,Leo.Griffin687@email.com,+33 1928260963,FR,2026-05-16 10:00:00
cust_0515,Fiona,Alexander,Fiona.Alexander70@email.com,+33 9063939654,FR,2026-01-01 07:00:00
cust_0516,Yusuf,Cox,Yusuf.Cox751@email.com,+65 4172260671,SG,2026-07-31 14:00:00
cust_0517,Xena,Sanchez,Xena.Sanchez560@email.com,+65 2961331472,SG,2026-03-25 14:00:00
cust_0518,Jack,Davis,Jack.Davis302@email.com,+1 5673846005,US,2026-02-23 08:00:00
cust_0519,Sara,Walker,Sara.Walker910@email.com,+65 9291014129,SG,2026-02-08 15:00:00
cust_0520,Leo,Stewart,Leo.Stewart609@email.com,+81 3035824435,JP,2026-08-09 17:00:00
cust_0521,Victor,Powell,Victor.Powell912@email.com,+65 684755608,SG,2026-02-21 12:00:00
cust_0522,Aaron,Young,Aaron.Young420@email.com,+61 7142213650,AU,2026-06-02 10:00:00
cust_0523,Mia,Wilson,Mia.Wilson403@email.com,+81 669663750,JP,2026-07-04 07:00:00
cust_0524,Demi,Jackson,Demi.Jackson302@email.com,+81 867596764,JP,2026-01-14 10:00:00
cust_0525,Victor,Flores,Victor.Flores299@email.com,+44 4801074361,UK,2026-07-23 14:00:00
cust_0526,Luna,Simmons,Luna.Simmons272@email.com,+44 1674416298,UK,2026-07-09 13:00:00
cust_0527,Willa,Allen,Willa.Allen457@email.com,+1 5435814872,US,2026-08-27 11:00:00
cust_0528,Chris,Perez,Chris.Perez578@email.com,+1 425334610,US,2026-12-09 12:00:00
cust_0529,Tyler,Bailey,Tyler.Bailey995@email.com,+49 2387702111,DE,2026-07-18 20:00:00
cust_0530,Piper,Rivera,Piper.Rivera989@email.com,+81 5317042062,JP,2026-06-03 08:00:00
cust_0531,Zara,Diaz,Zara.Diaz36@email.com,+1 7557068234,CA,2026-03-30 09:00:00
cust_0532,Bella,Young,Bella.Young130@email.com,+1 1828381356,US,2026-12-16 13:00:00
cust_0533,Zoe,Hughes,Zoe.Hughes152@email.com,+61 3477514661,AU,2026-02-14 13:00:00
cust_0534,Wade,Bell,Wade.Bell566@email.com,+33 7984140139,FR,2026-09-24 14:00:00
cust_0535,Bob,Russell,Bob.Russell639@email.com,+65 4788232041,SG,2026-03-18 09:00:00
cust_0536,Ximena,Jenkins,Ximena.Jenkins597@email.com,+44 3982536230,UK,2026-10-16 19:00:00
cust_0537,Mia,Turner,Mia.Turner889@email.com,+33 8075491438,FR,2026-05-16 13:00:00
cust_0538,Isla,Ramirez,Isla.Ramirez586@email.com,+81 170913827,JP,2026-05-22 13:00:00
cust_0539,Sam,Patterson,Sam.Patterson624@email.com,+65 4471537013,SG,2026-06-19 18:00:00
cust_0540,Ethan,Wilson,Ethan.Wilson764@email.com,+81 8259923427,JP,2026-07-10 07:00:00
cust_0541,Sara,Campbell,Sara.Campbell319@email.com,+61 7924965741,AU,2026-12-23 17:00:00
cust_0542,Mia,Baker,Mia.Baker138@email.com,+61 7851851495,AU,2026-05-18 18:00:00
cust_0543,Caleb,Powell,Caleb.Powell662@email.com,+44 5112144947,UK,2026-04-19 20:00:00
cust_0544,Brooke,Ford,Brooke.Ford497@email.com,+33 3536242854,FR,2026-09-21 19:00:00
cust_0545,Uma,Taylor,Uma.Taylor319@email.com,+65 134331395,SG,2026-04-09 20:00:00
cust_0546,Zoe,Moore,Zoe.Moore256@email.com,+1 1970432117,US,2026-07-04 18:00:00
cust_0547,Zoe,Roberts,Zoe.Roberts378@email.com,+81 6474468567,JP,2026-11-22 08:00:00
cust_0548,Maya,Brown,Maya.Brown248@email.com,+33 1925999663,FR,2026-08-31 16:00:00
cust_0549,Vera,Sanchez,Vera.Sanchez353@email.com,+1 9710870498,CA,2026-12-19 08:00:00
cust_0550,Kevin,Brown,Kevin.Brown396@email.com,+1 4154289583,US,2026-04-24 17:00:00
cust_0551,Chris,Gonzales,Chris.Gonzales212@email.com,+61 7103513594,AU,2026-09-20 07:00:00
cust_0552,Zena,Wallace,Zena.Wallace699@email.com,+1 9168219273,US,2026-03-30 16:00:00
cust_0553,Bob,Green,Bob.Green259@email.com,+61 5487709195,AU,2026-07-12 20:00:00
cust_0554,Tom,Ward,Tom.Ward259@email.com,+49 6309420031,DE,2026-12-13 15:00:00
cust_0555,Elena,Bell,Elena.Bell599@email.com,+44 8631492184,UK,2026-12-06 20:00:00
cust_0556,Willa,Barnes,Willa.Barnes663@email.com,+61 9881878935,AU,2026-02-25 14:00:00
cust_0557,Ivy,Stewart,Ivy.Stewart284@email.com,+33 8005045543,FR,2026-05-14 17:00:00
cust_0558,Rosa,Butler,Rosa.Butler306@email.com,+49 9243876006,DE,2026-05-04 07:00:00
cust_0559,Blake,Murphy,Blake.Murphy677@email.com,+33 2933823693,FR,2026-01-14 17:00:00
cust_0560,Mason,Phillips,Mason.Phillips266@email.com,+65 6042706313,SG,2026-01-19 16:00:00
cust_0561,Patrick,Henderson,Patrick.Henderson836@email.com,+49 3073897771,DE,2026-12-18 15:00:00
cust_0562,Gina,Peterson,Gina.Peterson929@email.com,+33 6483868020,FR,2026-03-29 20:00:00
cust_0563,Jake,Barnes,Jake.Barnes186@email.com,+61 4724169271,AU,2026-03-07 18:00:00
cust_0564,Hannah,Hayes,Hannah.Hayes828@email.com,+1 8168681911,CA,2026-12-02 08:00:00
cust_0565,Chris,Morris,Chris.Morris229@email.com,+61 8113931356,AU,2026-07-10 11:00:00
cust_0566,Zack,Phillips,Zack.Phillips475@email.com,+44 2030939193,UK,2026-11-21 16:00:00
cust_0567,Zack,Patterson,Zack.Patterson73@email.com,+81 3830055862,JP,2026-09-14 08:00:00
cust_0568,Maya,Cook,Maya.Cook543@email.com,+61 1784282158,AU,2026-03-19 09:00:00
cust_0569,Zoe,Stewart,Zoe.Stewart420@email.com,+81 4920110341,JP,2026-04-03 19:00:00
cust_0570,Karen,Ramirez,Karen.Ramirez341@email.com,+1 9946037768,CA,2026-01-30 07:00:00
cust_0571,Gavin,Roberts,Gavin.Roberts215@email.com,+1 4985440949,CA,2026-02-15 09:00:00
cust_0572,Derek,Richardson,Derek.Richardson649@email.com,+65 6037529118,SG,2026-09-02 13:00:00
cust_0573,Alice,Davis,Alice.Davis547@email.com,+49 7443124121,DE,2026-01-08 12:00:00
cust_0574,Will,Sanders,Will.Sanders196@email.com,+1 2916611156,US,2026-11-17 18:00:00
cust_0575,Fiona,Green,Fiona.Green711@email.com,+33 1350426053,FR,2026-02-22 13:00:00
cust_0576,Nora,Jenkins,Nora.Jenkins314@email.com,+1 4501326131,CA,2026-05-29 14:00:00
cust_0577,Tara,Kelly,Tara.Kelly611@email.com,+33 4879588539,FR,2026-09-08 12:00:00
cust_0578,Will,Young,Will.Young169@email.com,+65 92140117,SG,2026-04-25 18:00:00
cust_0579,Quinn,Scott,Quinn.Scott752@email.com,+1 735783958,US,2026-07-07 18:00:00
cust_0580,Isla,Davis,Isla.Davis385@email.com,+61 2686343517,AU,2026-11-01 07:00:00
cust_0581,Jake,Harris,Jake.Harris670@email.com,+1 8807102584,US,2026-03-01 13:00:00
cust_0582,Faith,Cook,Faith.Cook127@email.com,+61 667675888,AU,2026-12-22 17:00:00
cust_0583,Felix,Smith,Felix.Smith309@email.com,+65 2851827734,SG,2026-12-06 15:00:00
cust_0584,Ivan,Patterson,Ivan.Patterson621@email.com,+1 3869551800,CA,2026-09-19 18:00:00
cust_0585,Elena,Garcia,Elena.Garcia290@email.com,+44 3380518841,UK,2026-09-12 10:00:00
cust_0586,Chloe,King,Chloe.King797@email.com,+61 4189517389,AU,2026-07-03 18:00:00
cust_0587,Brooke,Phillips,Brooke.Phillips165@email.com,+1 6659205361,US,2026-04-17 18:00:00
cust_0588,Kyle,Collins,Kyle.Collins241@email.com,+1 8654692836,US,2026-02-15 08:00:00
cust_0589,Yasmine,Foster,Yasmine.Foster506@email.com,+1 4087839614,CA,2026-09-19 08:00:00
cust_0590,Scott,Hayes,Scott.Hayes104@email.com,+61 2777405445,AU,2026-08-22 11:00:00
cust_0591,Hannah,Torres,Hannah.Torres52@email.com,+44 3502574713,UK,2026-01-21 20:00:00
cust_0592,Laura,Rogers,Laura.Rogers821@email.com,+33 507791242,FR,2026-01-24 07:00:00
cust_0593,Rachel,Simmons,Rachel.Simmons663@email.com,+1 5716554814,CA,2026-08-13 16:00:00
cust_0594,Ivan,Myers,Ivan.Myers96@email.com,+33 7805212264,FR,2026-04-04 08:00:00
cust_0595,Adam,Murphy,Adam.Murphy986@email.com,+81 7958573913,JP,2026-08-04 17:00:00
cust_0596,Victor,Martin,Victor.Martin136@email.com,+1 3636454979,US,2026-02-23 13:00:00
cust_0597,Amber,Gray,Amber.Gray822@email.com,+81 9378442756,JP,2026-07-14 19:00:00
cust_0598,Ursula,Long,Ursula.Long30@email.com,+1 2106471391,CA,2026-07-30 14:00:00
cust_0599,Frank,Taylor,Frank.Taylor268@email.com,+33 8653021280,FR,2026-12-14 15:00:00
cust_0600,York,Hamilton,York.Hamilton591@email.com,+49 4714029171,DE,2026-12-05 18:00:00
cust_0601,Fiona,Gray,Fiona.Gray355@email.com,+65 2642445649,SG,2026-01-06 17:00:00
cust_0602,Uma,Watson,Uma.Watson870@email.com,+81 7963726023,JP,2026-03-26 08:00:00
cust_0603,Will,Ramirez,Will.Ramirez329@email.com,+49 1204675791,DE,2026-09-17 10:00:00
cust_0604,Vera,Washington,Vera.Washington388@email.com,+65 3519431976,SG,2026-02-10 14:00:00
cust_0605,Faith,Henderson,Faith.Henderson459@email.com,+44 7983989997,UK,2026-08-17 12:00:00
cust_0606,Peter,James,Peter.James764@email.com,+1 4745817014,US,2026-07-31 07:00:00
cust_0607,Wade,Wood,Wade.Wood1@email.com,+44 7043172680,UK,2026-09-18 15:00:00
cust_0608,Aaron,Butler,Aaron.Butler688@email.com,+81 8386711497,JP,2026-07-06 20:00:00
cust_0609,Grace,Green,Grace.Green865@email.com,+81 6881737874,JP,2026-12-03 12:00:00
cust_0610,Rosa,Howard,Rosa.Howard117@email.com,+44 962396600,UK,2026-06-24 12:00:00
cust_0611,Gina,Phillips,Gina.Phillips561@email.com,+33 3025479599,FR,2026-01-24 09:00:00
cust_0612,Mason,Robinson,Mason.Robinson842@email.com,+65 4764363475,SG,2026-11-09 10:00:00
cust_0613,Yara,Garcia,Yara.Garcia953@email.com,+65 5230917178,SG,2026-04-08 18:00:00
cust_0614,Sara,Harris,Sara.Harris776@email.com,+65 8135023089,SG,2026-08-23 17:00:00
cust_0615,Amber,Watson,Amber.Watson138@email.com,+81 8618564548,JP,2026-01-25 15:00:00
cust_0616,Eli,Coleman,Eli.Coleman495@email.com,+1 9345756800,CA,2026-03-07 08:00:00
cust_0617,Yusuf,Simmons,Yusuf.Simmons615@email.com,+33 5957080764,FR,2026-11-08 18:00:00
cust_0618,Xia,Nelson,Xia.Nelson281@email.com,+65 8443570024,SG,2026-05-31 14:00:00
cust_0619,Rachel,Robinson,Rachel.Robinson423@email.com,+61 9948171175,AU,2026-10-11 17:00:00
cust_0620,Bella,King,Bella.King215@email.com,+61 7253940366,AU,2026-12-11 09:00:00
cust_0621,Patrick,Butler,Patrick.Butler999@email.com,+1 9984552141,CA,2026-03-01 19:00:00
cust_0622,Ursula,Barnes,Ursula.Barnes492@email.com,+65 6598062385,SG,2026-08-05 19:00:00
cust_0623,Bob,Kelly,Bob.Kelly110@email.com,+1 1645825546,US,2026-01-28 17:00:00
cust_0624,Henry,King,Henry.King274@email.com,+1 8529206782,CA,2026-12-16 11:00:00
cust_0625,Sam,Moore,Sam.Moore708@email.com,+61 2334316421,AU,2026-07-03 20:00:00
cust_0626,Gavin,Harris,Gavin.Harris631@email.com,+49 6715605962,DE,2026-05-02 15:00:00
cust_0627,Opal,Turner,Opal.Turner710@email.com,+1 8284189261,US,2026-07-18 13:00:00
cust_0628,Maya,Evans,Maya.Evans990@email.com,+1 8655619869,US,2026-05-09 10:00:00
cust_0629,Elena,Woods,Elena.Woods882@email.com,+81 3574751926,JP,2026-11-21 18:00:00
cust_0630,Patrick,Washington,Patrick.Washington377@email.com,+49 4151593270,DE,2026-05-31 14:00:00
cust_0631,Wendy,Bryant,Wendy.Bryant77@email.com,+1 4143799712,CA,2026-09-21 08:00:00
cust_0632,Xena,Miller,Xena.Miller439@email.com,+61 6695540186,AU,2026-03-08 09:00:00
cust_0633,Zack,Carter,Zack.Carter6@email.com,+33 4036508020,FR,2026-01-21 09:00:00
cust_0634,Paula,Perry,Paula.Perry53@email.com,+61 1547965898,AU,2026-12-29 12:00:00
cust_0635,Reed,Green,Reed.Green980@email.com,+1 2245986982,CA,2026-09-16 09:00:00
cust_0636,Caleb,Bennett,Caleb.Bennett550@email.com,+65 4699870435,SG,2026-04-24 10:00:00
cust_0637,Jake,Collins,Jake.Collins340@email.com,+33 1270892281,FR,2026-11-13 15:00:00
cust_0638,Jade,Barnes,Jade.Barnes844@email.com,+1 9092661614,US,2026-06-27 14:00:00
cust_0639,Ethan,Washington,Ethan.Washington629@email.com,+49 4128430494,DE,2026-12-16 12:00:00
cust_0640,Xena,Martin,Xena.Martin396@email.com,+61 1224741296,AU,2026-09-22 20:00:00
cust_0641,York,Reed,York.Reed527@email.com,+81 2100810307,JP,2026-06-01 17:00:00
cust_0642,Yara,Edwards,Yara.Edwards527@email.com,+44 4082538783,UK,2026-03-27 19:00:00
cust_0643,Sofia,Price,Sofia.Price8@email.com,+44 9505234132,UK,2026-11-19 19:00:00
cust_0644,Bella,Bryant,Bella.Bryant435@email.com,+44 9482892116,UK,2026-12-26 18:00:00
cust_0645,Zena,Richardson,Zena.Richardson663@email.com,+44 670370908,UK,2026-08-24 18:00:00
cust_0646,Ryan,Davis,Ryan.Davis90@email.com,+44 243079614,UK,2026-05-09 15:00:00
cust_0647,Jack,Henderson,Jack.Henderson842@email.com,+49 8217624837,DE,2026-07-28 13:00:00
cust_0648,Gavin,Hughes,Gavin.Hughes415@email.com,+65 1368945892,SG,2026-07-19 17:00:00
cust_0649,Peter,Price,Peter.Price7@email.com,+44 2525167269,UK,2026-12-25 20:00:00
cust_0650,Jack,Morris,Jack.Morris951@email.com,+44 7250793721,UK,2026-11-07 08:00:00
cust_0651,Kevin,Sullivan,Kevin.Sullivan949@email.com,+81 5943126143,JP,2026-12-05 07:00:00
cust_0652,Jade,Lee,Jade.Lee547@email.com,+49 9185688487,DE,2026-07-20 19:00:00
cust_0653,Tyler,Phillips,Tyler.Phillips984@email.com,+1 9880077504,CA,2026-11-28 12:00:00
cust_0654,Bob,Wood,Bob.Wood896@email.com,+1 539290976,CA,2026-01-03 16:00:00
cust_0655,Blake,Bell,Blake.Bell551@email.com,+44 1318638549,UK,2026-06-26 10:00:00
cust_0656,Brooke,Washington,Brooke.Washington872@email.com,+1 701293717,CA,2026-04-24 16:00:00
cust_0657,George,Young,George.Young118@email.com,+1 6662264884,CA,2026-11-27 15:00:00
cust_0658,Jack,Phillips,Jack.Phillips688@email.com,+44 1086695131,UK,2026-04-12 18:00:00
cust_0659,Zack,Ramirez,Zack.Ramirez975@email.com,+33 1543897596,FR,2026-12-10 17:00:00
cust_0660,Ethan,White,Ethan.White292@email.com,+44 3875979921,UK,2026-06-12 14:00:00
cust_0661,Gavin,Collins,Gavin.Collins632@email.com,+61 9254465959,AU,2026-10-18 12:00:00
cust_0662,Oscar,Cooper,Oscar.Cooper173@email.com,+1 1355247256,US,2026-04-24 18:00:00
cust_0663,Uri,Washington,Uri.Washington447@email.com,+61 7913212516,AU,2026-03-10 17:00:00
cust_0664,Tara,Collins,Tara.Collins899@email.com,+81 6292885927,JP,2026-07-03 19:00:00
cust_0665,Nina,Ramirez,Nina.Ramirez565@email.com,+44 9354861688,UK,2026-11-07 08:00:00
cust_0666,Julia,Robinson,Julia.Robinson913@email.com,+49 9730518812,DE,2026-11-17 08:00:00
cust_0667,Tara,Anderson,Tara.Anderson914@email.com,+1 2722815143,US,2026-10-25 16:00:00
cust_0668,Adam,Wallace,Adam.Wallace605@email.com,+49 3902544235,DE,2026-10-10 11:00:00
cust_0669,Tyler,Bennett,Tyler.Bennett484@email.com,+1 5876146362,CA,2026-04-25 19:00:00
cust_0670,Amber,Myers,Amber.Myers878@email.com,+61 4879982921,AU,2026-09-14 15:00:00
cust_0671,Leo,Bell,Leo.Bell373@email.com,+1 2856182436,US,2026-11-11 17:00:00
cust_0672,Victor,Graham,Victor.Graham527@email.com,+1 1926502228,CA,2026-04-02 16:00:00
cust_0673,Ximena,Simmons,Ximena.Simmons894@email.com,+1 1551015125,CA,2026-04-23 19:00:00
cust_0674,Luna,Baker,Luna.Baker65@email.com,+61 1596712032,AU,2026-01-22 17:00:00
cust_0675,Aaron,Kelly,Aaron.Kelly930@email.com,+33 5971814514,FR,2026-08-21 07:00:00
cust_0676,Frank,Butler,Frank.Butler332@email.com,+44 7868274691,UK,2026-05-15 16:00:00
cust_0677,Tyler,Ross,Tyler.Ross179@email.com,+65 7112481401,SG,2026-07-07 16:00:00
cust_0678,Isla,Anderson,Isla.Anderson530@email.com,+61 3906576569,AU,2026-09-22 13:00:00
cust_0679,Ursula,Sanchez,Ursula.Sanchez499@email.com,+81 8628271425,JP,2026-03-13 14:00:00
cust_0680,Victor,Baker,Victor.Baker79@email.com,+61 918459040,AU,2026-04-06 09:00:00
cust_0681,Vince,Powell,Vince.Powell735@email.com,+44 2849444315,UK,2026-08-01 19:00:00
cust_0682,Ryan,Hayes,Ryan.Hayes117@email.com,+81 7205055602,JP,2026-09-03 10:00:00
cust_0683,Amber,Lee,Amber.Lee663@email.com,+65 106405016,SG,2026-01-23 09:00:00
cust_0684,Yasmine,Jenkins,Yasmine.Jenkins165@email.com,+1 2467877922,CA,2026-01-29 09:00:00
cust_0685,Hannah,Allen,Hannah.Allen530@email.com,+65 378287033,SG,2026-08-18 16:00:00
cust_0686,Jade,Gray,Jade.Gray175@email.com,+49 7871351706,DE,2026-11-04 09:00:00
cust_0687,Zack,Wallace,Zack.Wallace187@email.com,+61 9320293819,AU,2026-12-18 12:00:00
cust_0688,Holly,Perry,Holly.Perry605@email.com,+44 5292009986,UK,2026-07-17 09:00:00
cust_0689,Noah,Williams,Noah.Williams208@email.com,+65 3559851402,SG,2026-11-07 08:00:00
cust_0690,Wendy,Peterson,Wendy.Peterson924@email.com,+1 3241461054,US,2026-02-17 14:00:00
cust_0691,Jake,Martinez,Jake.Martinez924@email.com,+1 7093396378,US,2026-09-25 13:00:00
cust_0692,Willa,Miller,Willa.Miller715@email.com,+65 7750820392,SG,2026-07-15 12:00:00
cust_0693,Amber,Ford,Amber.Ford930@email.com,+44 1837463042,UK,2026-05-11 14:00:00
cust_0694,York,Baker,York.Baker932@email.com,+44 9816555668,UK,2026-10-06 13:00:00
cust_0695,George,Young,George.Young6@email.com,+1 9106004593,US,2026-01-04 13:00:00
cust_0696,Isla,Wright,Isla.Wright705@email.com,+33 6060943542,FR,2026-02-24 09:00:00
cust_0697,Demi,Butler,Demi.Butler600@email.com,+61 6607520265,AU,2026-10-17 12:00:00
cust_0698,Derek,Roberts,Derek.Roberts697@email.com,+65 3252579642,SG,2026-07-31 15:00:00
cust_0699,Wade,Gray,Wade.Gray184@email.com,+33 6382701375,FR,2026-06-07 16:00:00
cust_0700,Tom,Woods,Tom.Woods723@email.com,+65 3170161496,SG,2026-12-04 08:00:00
cust_0701,Violet,Baker,Violet.Baker458@email.com,+1 440693397,CA,2026-09-18 13:00:00
cust_0702,Sara,Wood,Sara.Wood629@email.com,+1 4995331805,US,2026-11-22 07:00:00
cust_0703,Leo,Clark,Leo.Clark483@email.com,+65 388561387,SG,2026-05-15 10:00:00
cust_0704,Willa,Thomas,Willa.Thomas624@email.com,+1 7416648395,US,2026-07-25 16:00:00
cust_0705,Isla,Kelly,Isla.Kelly294@email.com,+1 3532855590,US,2026-11-24 14:00:00
cust_0706,Faith,Smith,Faith.Smith207@email.com,+61 846429847,AU,2026-11-03 15:00:00
cust_0707,Piper,Russell,Piper.Russell238@email.com,+1 2904912687,CA,2026-07-04 10:00:00
cust_0708,Isla,Johnson,Isla.Johnson1000@email.com,+1 6020521940,CA,2026-12-09 13:00:00
cust_0709,Adam,Jenkins,Adam.Jenkins206@email.com,+1 8987193987,US,2026-05-26 18:00:00
cust_0710,Wade,Coleman,Wade.Coleman357@email.com,+33 1197592160,FR,2026-11-07 10:00:00
cust_0711,Holly,Murphy,Holly.Murphy589@email.com,+1 1131448210,US,2026-07-28 15:00:00
cust_0712,Noah,Barnes,Noah.Barnes75@email.com,+61 9674284110,AU,2026-08-15 13:00:00
cust_0713,Ximena,Gray,Ximena.Gray789@email.com,+49 7558290298,DE,2026-08-23 17:00:00
cust_0714,Holly,Jenkins,Holly.Jenkins883@email.com,+1 2080046110,US,2026-05-13 08:00:00
cust_0715,Xena,Flores,Xena.Flores808@email.com,+49 5661020291,DE,2026-06-30 15:00:00
cust_0716,Sofia,Smith,Sofia.Smith718@email.com,+61 5371225622,AU,2026-02-17 13:00:00
cust_0717,Liam,Hamilton,Liam.Hamilton841@email.com,+33 8926475897,FR,2026-04-02 14:00:00
cust_0718,Oscar,Morris,Oscar.Morris224@email.com,+61 5121730477,AU,2026-04-13 10:00:00
cust_0719,Uri,Adams,Uri.Adams894@email.com,+61 898107487,AU,2026-04-14 20:00:00
cust_0720,Fiona,Patterson,Fiona.Patterson365@email.com,+1 3355515321,CA,2026-03-03 08:00:00
cust_0721,Liam,Simmons,Liam.Simmons505@email.com,+1 6376396017,US,2026-11-14 12:00:00
cust_0722,Mason,Henderson,Mason.Henderson890@email.com,+61 2117992942,AU,2026-09-19 11:00:00
cust_0723,Zara,Green,Zara.Green769@email.com,+1 8832499208,CA,2026-08-05 14:00:00
cust_0724,Tyler,Davis,Tyler.Davis515@email.com,+33 5055729129,FR,2026-03-03 18:00:00
cust_0725,Piper,Ward,Piper.Ward324@email.com,+1 8650701016,US,2026-04-18 13:00:00
cust_0726,Zack,White,Zack.White334@email.com,+33 1125406331,FR,2026-10-08 11:00:00
cust_0727,Ethan,Perez,Ethan.Perez483@email.com,+33 1581632270,FR,2026-09-13 13:00:00
cust_0728,Aaron,Rivera,Aaron.Rivera718@email.com,+33 6025499403,FR,2026-08-19 09:00:00
cust_0729,Yasmine,Martinez,Yasmine.Martinez590@email.com,+49 3506922300,DE,2026-05-19 19:00:00
cust_0730,Ethan,Barnes,Ethan.Barnes443@email.com,+65 852085114,SG,2026-03-18 14:00:00
cust_0731,Bob,Hall,Bob.Hall432@email.com,+81 6394985150,JP,2026-05-09 15:00:00
cust_0732,Ximena,Wilson,Ximena.Wilson408@email.com,+44 2975860354,UK,2026-01-31 10:00:00
cust_0733,George,Peterson,George.Peterson860@email.com,+44 5742306182,UK,2026-07-04 12:00:00
cust_0734,Wade,Barnes,Wade.Barnes955@email.com,+61 1488071244,AU,2026-07-30 08:00:00
cust_0735,Tom,Gonzales,Tom.Gonzales987@email.com,+49 2322574703,DE,2026-05-26 12:00:00
cust_0736,Paula,Gonzales,Paula.Gonzales523@email.com,+81 4641725051,JP,2026-11-11 11:00:00
cust_0737,Ian,Hughes,Ian.Hughes980@email.com,+1 3739138222,CA,2026-11-24 19:00:00
cust_0738,Sara,Rivera,Sara.Rivera647@email.com,+65 316420495,SG,2026-03-24 12:00:00
cust_0739,Diana,Evans,Diana.Evans325@email.com,+61 7356255879,AU,2026-11-06 17:00:00
cust_0740,Zara,Perez,Zara.Perez909@email.com,+81 8336953041,JP,2026-10-28 15:00:00
cust_0741,Gavin,Bailey,Gavin.Bailey172@email.com,+1 3678811953,CA,2026-03-06 18:00:00
cust_0742,Ethan,Simmons,Ethan.Simmons258@email.com,+44 914397668,UK,2026-07-23 08:00:00
cust_0743,Mia,Taylor,Mia.Taylor960@email.com,+81 2365504998,JP,2026-01-14 19:00:00
cust_0744,Zara,Sanders,Zara.Sanders784@email.com,+44 4751336386,UK,2026-11-13 09:00:00
cust_0745,Karen,Butler,Karen.Butler954@email.com,+65 1338736852,SG,2026-05-07 18:00:00
cust_0746,Kevin,Cox,Kevin.Cox642@email.com,+1 9163765485,CA,2026-03-29 07:00:00
cust_0747,Eve,Simmons,Eve.Simmons366@email.com,+33 8016854740,FR,2026-08-28 20:00:00
cust_0748,Tyler,Perez,Tyler.Perez562@email.com,+81 2326222488,JP,2026-10-30 16:00:00
cust_0749,Holly,Hughes,Holly.Hughes767@email.com,+65 5796043791,SG,2026-10-04 10:00:00
cust_0750,Leo,Cox,Leo.Cox316@email.com,+33 6075369178,FR,2026-03-21 11:00:00
cust_0751,Bob,Johnson,Bob.Johnson536@email.com,+1 5781941776,CA,2026-08-29 15:00:00
cust_0752,Bob,Alexander,Bob.Alexander945@email.com,+81 6353954769,JP,2026-01-05 19:00:00
cust_0753,Eli,Phillips,Eli.Phillips612@email.com,+49 3432089886,DE,2026-10-08 12:00:00
cust_0754,Yara,Bailey,Yara.Bailey904@email.com,+65 1705447268,SG,2026-03-25 18:00:00
cust_0755,Uri,Washington,Uri.Washington400@email.com,+65 5252404559,SG,2026-02-10 13:00:00
cust_0756,Felix,Adams,Felix.Adams530@email.com,+61 9822612354,AU,2026-09-30 19:00:00
cust_0757,Ivan,Bailey,Ivan.Bailey193@email.com,+44 793432867,UK,2026-05-29 08:00:00
cust_0758,Gina,Ward,Gina.Ward633@email.com,+81 9768741763,JP,2026-11-15 14:00:00
cust_0759,Yara,Edwards,Yara.Edwards20@email.com,+1 2307681898,CA,2026-04-06 08:00:00
cust_0760,Kevin,Perez,Kevin.Perez129@email.com,+81 3132901114,JP,2026-04-30 08:00:00
cust_0761,Tina,Smith,Tina.Smith506@email.com,+49 5773471833,DE,2026-06-09 19:00:00
cust_0762,Mason,Reed,Mason.Reed475@email.com,+1 1428407139,US,2026-03-16 07:00:00
cust_0763,Ivan,Woods,Ivan.Woods402@email.com,+44 6637958969,UK,2026-04-03 10:00:00
cust_0764,George,Cook,George.Cook849@email.com,+1 5374252503,US,2026-08-15 10:00:00
cust_0765,Uri,Davis,Uri.Davis204@email.com,+81 9003491029,JP,2026-12-07 10:00:00
cust_0766,Jade,Morgan,Jade.Morgan698@email.com,+61 8325981171,AU,2026-03-23 17:00:00
cust_0767,Tara,Miller,Tara.Miller763@email.com,+44 5392937230,UK,2026-11-23 11:00:00
cust_0768,Zoe,Rogers,Zoe.Rogers909@email.com,+1 495024047,US,2026-11-21 13:00:00
cust_0769,Paula,Smith,Paula.Smith172@email.com,+61 2521253899,AU,2026-07-22 19:00:00
cust_0770,Fiona,Smith,Fiona.Smith993@email.com,+1 7271722027,US,2026-12-19 16:00:00
cust_0771,Tina,Reed,Tina.Reed790@email.com,+44 1078253975,UK,2026-09-13 08:00:00
cust_0772,Maya,Patterson,Maya.Patterson347@email.com,+1 4561699520,US,2026-11-27 09:00:00
cust_0773,Opal,Price,Opal.Price811@email.com,+44 4845392115,UK,2026-04-30 12:00:00
cust_0774,Wade,Washington,Wade.Washington775@email.com,+33 838779668,FR,2026-12-19 13:00:00
cust_0775,Ursula,Hayes,Ursula.Hayes138@email.com,+61 3869728403,AU,2026-09-06 18:00:00
cust_0776,Faith,Barnes,Faith.Barnes302@email.com,+81 9415015585,JP,2026-04-06 15:00:00
cust_0777,Tom,Edwards,Tom.Edwards750@email.com,+81 2391646593,JP,2026-02-05 15:00:00
cust_0778,Tina,Howard,Tina.Howard303@email.com,+61 6631147142,AU,2026-08-21 07:00:00
cust_0779,Zena,Flores,Zena.Flores519@email.com,+65 3161036012,SG,2026-01-10 16:00:00
cust_0780,Vince,Woods,Vince.Woods636@email.com,+49 9977305238,DE,2026-02-02 17:00:00
cust_0781,Sofia,Morgan,Sofia.Morgan195@email.com,+81 9261924386,JP,2026-05-25 12:00:00
cust_0782,Brooke,Washington,Brooke.Washington330@email.com,+44 9013352253,UK,2026-12-04 08:00:00
cust_0783,Frank,Martinez,Frank.Martinez183@email.com,+1 877922818,US,2026-09-06 10:00:00
cust_0784,Mia,Davis,Mia.Davis585@email.com,+65 7130717574,SG,2026-09-27 16:00:00
cust_0785,Opal,Jenkins,Opal.Jenkins263@email.com,+1 1583478551,US,2026-11-07 18:00:00
cust_0786,Jack,Smith,Jack.Smith953@email.com,+49 7121389362,DE,2026-02-10 14:00:00
cust_0787,Gina,Moore,Gina.Moore370@email.com,+65 7835544304,SG,2026-12-29 07:00:00
cust_0788,Derek,Perez,Derek.Perez542@email.com,+1 3163795953,US,2026-06-05 08:00:00
cust_0789,Bella,Kelly,Bella.Kelly100@email.com,+44 3124589739,UK,2026-09-30 13:00:00
cust_0790,Yara,Young,Yara.Young539@email.com,+49 4079495876,DE,2026-10-13 18:00:00
cust_0791,Wade,Rivera,Wade.Rivera765@email.com,+44 6781289365,UK,2026-12-12 14:00:00
cust_0792,Opal,Foster,Opal.Foster438@email.com,+44 9374731812,UK,2026-07-25 15:00:00
cust_0793,Sara,Simmons,Sara.Simmons162@email.com,+81 8314405028,JP,2026-06-11 15:00:00
cust_0794,Paula,Reed,Paula.Reed423@email.com,+65 9989145711,SG,2026-05-04 16:00:00
cust_0795,Tyler,Scott,Tyler.Scott385@email.com,+61 6248025415,AU,2026-07-23 07:00:00
cust_0796,Scott,Davis,Scott.Davis292@email.com,+1 2233115272,US,2026-06-04 07:00:00
cust_0797,Mike,Green,Mike.Green220@email.com,+33 674494972,FR,2026-01-20 14:00:00
cust_0798,Ursula,Lewis,Ursula.Lewis142@email.com,+61 2510339713,AU,2026-04-30 11:00:00
cust_0799,Mike,Jackson,Mike.Jackson585@email.com,+65 9533820580,SG,2026-02-09 18:00:00
cust_0800,Paula,Gray,Paula.Gray178@email.com,+81 3908351305,JP,2026-11-01 17:00:00
cust_0801,Mike,Davis,Mike.Davis749@email.com,+65 7615964047,SG,2026-06-28 20:00:00
cust_0802,Eli,Rivera,Eli.Rivera953@email.com,+44 9573679577,UK,2026-12-01 20:00:00
cust_0803,Chloe,Smith,Chloe.Smith650@email.com,+65 4537445083,SG,2026-09-26 07:00:00
cust_0804,Oscar,Bennett,Oscar.Bennett579@email.com,+1 3006893560,CA,2026-03-20 07:00:00
cust_0805,Liam,Myers,Liam.Myers403@email.com,+81 396903346,JP,2026-08-10 11:00:00
cust_0806,Zara,Clark,Zara.Clark136@email.com,+33 4659495861,FR,2026-10-20 18:00:00
cust_0807,Grace,Wood,Grace.Wood409@email.com,+61 4670378755,AU,2026-09-14 13:00:00
cust_0808,Zena,Russell,Zena.Russell134@email.com,+1 5155836928,CA,2026-07-22 17:00:00
cust_0809,Yasmine,King,Yasmine.King575@email.com,+49 1050735415,DE,2026-05-17 19:00:00
cust_0810,Eli,Edwards,Eli.Edwards702@email.com,+44 9083246703,UK,2026-07-31 13:00:00
cust_0811,Vince,Sanchez,Vince.Sanchez196@email.com,+33 2824963909,FR,2026-06-06 09:00:00
cust_0812,Tom,Long,Tom.Long842@email.com,+81 2686546979,JP,2026-08-14 07:00:00
cust_0813,Diana,King,Diana.King702@email.com,+33 378570209,FR,2026-01-28 10:00:00
cust_0814,Elena,Clark,Elena.Clark890@email.com,+61 4363951329,AU,2026-12-22 19:00:00
cust_0815,Olivia,Parker,Olivia.Parker461@email.com,+81 4402669701,JP,2026-04-18 18:00:00
cust_0816,Sofia,Scott,Sofia.Scott209@email.com,+61 6662045572,AU,2026-11-15 18:00:00
cust_0817,Sam,Alexander,Sam.Alexander716@email.com,+1 2272584884,US,2026-05-11 09:00:00
cust_0818,Henry,Turner,Henry.Turner206@email.com,+61 4532966707,AU,2026-12-02 07:00:00
cust_0819,Ivy,Morgan,Ivy.Morgan677@email.com,+61 473390201,AU,2026-05-30 20:00:00
cust_0820,Isla,Morgan,Isla.Morgan237@email.com,+65 3058090198,SG,2026-06-11 14:00:00
cust_0821,Blake,Price,Blake.Price91@email.com,+1 9454097069,CA,2026-08-23 15:00:00
cust_0822,Rosa,Williams,Rosa.Williams41@email.com,+49 5614621025,DE,2026-09-08 13:00:00
cust_0823,Violet,Lee,Violet.Lee19@email.com,+33 7244062195,FR,2026-07-01 17:00:00
cust_0824,Mike,Adams,Mike.Adams514@email.com,+61 3497053308,AU,2026-11-17 11:00:00
cust_0825,Yusuf,Brown,Yusuf.Brown967@email.com,+61 978870326,AU,2026-06-24 13:00:00
cust_0826,Jake,Robinson,Jake.Robinson90@email.com,+65 2958595172,SG,2026-08-02 10:00:00
cust_0827,Yasmine,Lewis,Yasmine.Lewis437@email.com,+61 5719234482,AU,2026-10-05 09:00:00
cust_0828,Aaron,Butler,Aaron.Butler142@email.com,+49 3714785815,DE,2026-06-08 18:00:00
cust_0829,Patrick,Sanders,Patrick.Sanders932@email.com,+1 3317339566,CA,2026-12-02 16:00:00
cust_0830,Uma,Evans,Uma.Evans70@email.com,+44 5095822029,UK,2026-03-16 18:00:00
cust_0831,David,Sullivan,David.Sullivan327@email.com,+65 8433273485,SG,2026-06-05 14:00:00
cust_0832,Violet,Flores,Violet.Flores956@email.com,+61 817168703,AU,2026-03-09 09:00:00
cust_0833,David,Sullivan,David.Sullivan627@email.com,+61 2640074869,AU,2026-11-02 10:00:00
cust_0834,Diana,Bryant,Diana.Bryant27@email.com,+33 8941278947,FR,2026-09-02 09:00:00
cust_0835,Nora,Powell,Nora.Powell481@email.com,+33 5969096557,FR,2026-08-31 09:00:00
cust_0836,Uma,Young,Uma.Young232@email.com,+1 4171029102,US,2026-05-19 13:00:00
cust_0837,Chris,Hamilton,Chris.Hamilton688@email.com,+49 3264625665,DE,2026-02-03 09:00:00
cust_0838,Faith,Long,Faith.Long502@email.com,+33 8027737153,FR,2026-05-07 13:00:00
cust_0839,Adam,Woods,Adam.Woods43@email.com,+65 7398206667,SG,2026-07-21 16:00:00
cust_0840,Violet,Henderson,Violet.Henderson609@email.com,+1 2246170837,US,2026-08-20 14:00:00
cust_0841,Frank,Nelson,Frank.Nelson532@email.com,+65 8768519013,SG,2026-07-18 15:00:00
cust_0842,Xia,Hughes,Xia.Hughes986@email.com,+1 5120368314,US,2026-08-14 13:00:00
cust_0843,Mike,Woods,Mike.Woods848@email.com,+61 1991470996,AU,2026-08-05 11:00:00
cust_0844,Derek,Wilson,Derek.Wilson707@email.com,+1 7079952132,CA,2026-02-16 18:00:00
cust_0845,Nora,Martin,Nora.Martin185@email.com,+1 5993175999,CA,2026-06-15 14:00:00
cust_0846,David,Hall,David.Hall465@email.com,+49 8095484017,DE,2026-02-16 11:00:00
cust_0847,Paula,Alexander,Paula.Alexander665@email.com,+1 540618370,CA,2026-02-28 18:00:00
cust_0848,Gavin,Flores,Gavin.Flores372@email.com,+44 4089161918,UK,2026-07-13 15:00:00
cust_0849,Xena,Miller,Xena.Miller787@email.com,+1 8223063154,CA,2026-10-17 20:00:00
cust_0850,Jake,Lewis,Jake.Lewis167@email.com,+1 3068220682,CA,2026-08-03 11:00:00
cust_0851,Nina,Myers,Nina.Myers788@email.com,+81 9840237550,JP,2026-04-03 08:00:00
cust_0852,Quinn,King,Quinn.King4@email.com,+61 4357399246,AU,2026-09-12 20:00:00
cust_0853,Mason,Bennett,Mason.Bennett827@email.com,+1 2129423746,US,2026-04-22 16:00:00
cust_0854,Jake,Peterson,Jake.Peterson465@email.com,+65 1907840239,SG,2026-11-04 16:00:00
cust_0855,Alice,Nelson,Alice.Nelson904@email.com,+61 3554432520,AU,2026-01-26 09:00:00
cust_0856,Sam,Moore,Sam.Moore669@email.com,+33 167715720,FR,2026-01-17 17:00:00
cust_0857,Yasmine,Powell,Yasmine.Powell306@email.com,+33 3963022176,FR,2026-01-26 08:00:00
cust_0858,Caleb,Hall,Caleb.Hall166@email.com,+61 6791608576,AU,2026-01-19 08:00:00
cust_0859,York,Campbell,York.Campbell331@email.com,+33 8159828351,FR,2026-02-04 19:00:00
cust_0860,Demi,Wood,Demi.Wood67@email.com,+61 2032142957,AU,2026-03-04 18:00:00
cust_0861,Julia,Collins,Julia.Collins540@email.com,+65 2263338333,SG,2026-12-23 10:00:00
cust_0862,Derek,Moore,Derek.Moore112@email.com,+44 5538427385,UK,2026-11-08 20:00:00
cust_0863,Oscar,Mitchell,Oscar.Mitchell539@email.com,+33 3991887252,FR,2026-11-11 16:00:00
cust_0864,Mason,Kelly,Mason.Kelly747@email.com,+81 2627377805,JP,2026-12-29 11:00:00
cust_0865,Yara,Johnson,Yara.Johnson122@email.com,+1 3431940259,US,2026-04-17 19:00:00
cust_0866,Derek,Rivera,Derek.Rivera424@email.com,+1 5738594127,US,2026-10-14 19:00:00
cust_0867,Gina,Scott,Gina.Scott12@email.com,+49 7268568023,DE,2026-05-11 19:00:00
cust_0868,Ivy,Parker,Ivy.Parker308@email.com,+33 3304379963,FR,2026-02-28 17:00:00
cust_0869,Ryan,Stewart,Ryan.Stewart406@email.com,+1 3583596487,US,2026-04-10 12:00:00
cust_0870,Sara,Gonzales,Sara.Gonzales491@email.com,+81 3434181518,JP,2026-11-27 09:00:00
cust_0871,Kyle,Lewis,Kyle.Lewis643@email.com,+81 5744252303,JP,2026-07-31 18:00:00
cust_0872,Henry,Kelly,Henry.Kelly307@email.com,+33 90395064,FR,2026-10-23 17:00:00
cust_0873,Ryan,Morris,Ryan.Morris68@email.com,+1 4438855031,CA,2026-07-12 17:00:00
cust_0874,Sofia,Walker,Sofia.Walker585@email.com,+65 9404720890,SG,2026-03-01 20:00:00
cust_0875,Will,Parker,Will.Parker723@email.com,+33 3058739665,FR,2026-05-20 13:00:00
cust_0876,Leo,James,Leo.James899@email.com,+49 5900906602,DE,2026-06-04 10:00:00
cust_0877,Reed,Campbell,Reed.Campbell180@email.com,+44 4702698971,UK,2026-09-17 07:00:00
cust_0878,Kyle,Watson,Kyle.Watson158@email.com,+49 1415905813,DE,2026-02-20 20:00:00
cust_0879,Piper,Gonzales,Piper.Gonzales136@email.com,+49 3122007191,DE,2026-08-24 13:00:00
cust_0880,Rosa,Kelly,Rosa.Kelly119@email.com,+1 8789041827,US,2026-11-01 20:00:00
cust_0881,Leo,Collins,Leo.Collins479@email.com,+1 9042757885,US,2026-12-04 18:00:00
cust_0882,Nina,Williams,Nina.Williams592@email.com,+61 5206247660,AU,2026-04-13 10:00:00
cust_0883,Kevin,Roberts,Kevin.Roberts546@email.com,+33 7624062614,FR,2026-12-10 08:00:00
cust_0884,Ivan,Lewis,Ivan.Lewis162@email.com,+61 501603670,AU,2026-11-15 15:00:00
cust_0885,Owen,Harris,Owen.Harris212@email.com,+33 6664474836,FR,2026-05-19 09:00:00
cust_0886,Patrick,Turner,Patrick.Turner588@email.com,+49 745620429,DE,2026-06-09 16:00:00
cust_0887,Sara,Bennett,Sara.Bennett455@email.com,+1 568663601,US,2026-08-30 17:00:00
cust_0888,Grace,Harris,Grace.Harris393@email.com,+1 4674848084,US,2026-07-20 09:00:00
cust_0889,Patrick,Perry,Patrick.Perry913@email.com,+81 6952021507,JP,2026-06-09 12:00:00
cust_0890,Zoe,Diaz,Zoe.Diaz777@email.com,+44 576056427,UK,2026-12-24 14:00:00
cust_0891,Mia,Ward,Mia.Ward318@email.com,+81 2030979143,JP,2026-04-25 09:00:00
cust_0892,Derek,Mitchell,Derek.Mitchell935@email.com,+33 1693957564,FR,2026-12-25 17:00:00
cust_0893,Ryan,Edwards,Ryan.Edwards465@email.com,+81 139983470,JP,2026-09-01 08:00:00
cust_0894,Tom,Gray,Tom.Gray473@email.com,+1 2478224333,CA,2026-09-18 08:00:00
cust_0895,Adam,Diaz,Adam.Diaz816@email.com,+44 9999534416,UK,2026-11-29 08:00:00
cust_0896,Mike,Price,Mike.Price473@email.com,+65 6841299927,SG,2026-05-03 16:00:00
cust_0897,Fiona,Wood,Fiona.Wood163@email.com,+81 1658479139,JP,2026-06-24 10:00:00
cust_0898,Nathan,Jenkins,Nathan.Jenkins442@email.com,+65 2991279224,SG,2026-03-30 17:00:00
cust_0899,Kylie,Anderson,Kylie.Anderson758@email.com,+81 9090947537,JP,2026-11-02 14:00:00
cust_0900,Paula,Barnes,Paula.Barnes100@email.com,+81 5061628882,JP,2026-07-27 08:00:00
cust_0901,Blake,Harris,Blake.Harris702@email.com,+65 5711174987,SG,2026-11-27 17:00:00
cust_0902,Henry,Jackson,Henry.Jackson223@email.com,+1 9230115196,CA,2026-03-18 14:00:00
cust_0903,Sofia,Phillips,Sofia.Phillips400@email.com,+81 850381733,JP,2026-12-15 12:00:00
cust_0904,Mike,Ross,Mike.Ross814@email.com,+61 8327962158,AU,2026-06-26 08:00:00
cust_0905,Zack,Smith,Zack.Smith627@email.com,+65 3650572126,SG,2026-05-31 07:00:00
cust_0906,Willa,Wood,Willa.Wood992@email.com,+1 8603556607,US,2026-10-14 20:00:00
cust_0907,Ursula,Martin,Ursula.Martin882@email.com,+61 3728065741,AU,2026-05-01 13:00:00
cust_0908,Opal,Jenkins,Opal.Jenkins404@email.com,+33 7362011852,FR,2026-07-27 13:00:00
cust_0909,Eli,Bennett,Eli.Bennett217@email.com,+1 2049557201,CA,2026-04-07 15:00:00
cust_0910,Yusuf,Rogers,Yusuf.Rogers861@email.com,+65 4967540284,SG,2026-12-10 09:00:00
cust_0911,Rachel,Smith,Rachel.Smith74@email.com,+1 9218392199,US,2026-09-07 17:00:00
cust_0912,Eli,Robinson,Eli.Robinson87@email.com,+1 5077191149,CA,2026-09-18 13:00:00
cust_0913,Vera,Howard,Vera.Howard394@email.com,+33 979549862,FR,2026-08-06 16:00:00
cust_0914,Alice,Henderson,Alice.Henderson511@email.com,+49 5461389154,DE,2026-10-07 16:00:00
cust_0915,Vince,Davis,Vince.Davis39@email.com,+81 7332414774,JP,2026-02-27 16:00:00
cust_0916,Kyle,Alexander,Kyle.Alexander82@email.com,+1 5505068652,CA,2026-09-22 08:00:00
cust_0917,Piper,Long,Piper.Long91@email.com,+49 8935293862,DE,2026-11-21 15:00:00
cust_0918,Zack,Parker,Zack.Parker628@email.com,+1 8185836491,US,2026-10-01 19:00:00
cust_0919,Bob,Peterson,Bob.Peterson465@email.com,+81 5728809037,JP,2026-06-30 19:00:00
cust_0920,Laura,Phillips,Laura.Phillips172@email.com,+1 9905908907,US,2026-10-16 11:00:00
cust_0921,Henry,Hughes,Henry.Hughes485@email.com,+1 2470414950,CA,2026-12-03 11:00:00
cust_0922,Uri,Patterson,Uri.Patterson28@email.com,+61 2092029167,AU,2026-03-06 15:00:00
cust_0923,Jack,Roberts,Jack.Roberts259@email.com,+1 6949798543,CA,2026-05-21 20:00:00
cust_0924,George,Smith,George.Smith760@email.com,+44 2603393772,UK,2026-10-30 18:00:00
cust_0925,Tina,Simmons,Tina.Simmons458@email.com,+33 3479649363,FR,2026-05-14 19:00:00
cust_0926,Opal,Adams,Opal.Adams497@email.com,+1 3712323796,CA,2026-06-25 08:00:00
cust_0927,Sam,Perry,Sam.Perry957@email.com,+1 7902492961,CA,2026-07-31 19:00:00
cust_0928,Yusuf,Adams,Yusuf.Adams677@email.com,+81 728476143,JP,2026-10-23 18:00:00
cust_0929,Tom,Wilson,Tom.Wilson658@email.com,+61 508192006,AU,2026-03-27 14:00:00
cust_0930,Adam,Peterson,Adam.Peterson309@email.com,+81 2297159563,JP,2026-07-14 17:00:00
cust_0931,Patrick,Morgan,Patrick.Morgan486@email.com,+61 9223348379,AU,2026-08-11 07:00:00
cust_0932,Kevin,Howard,Kevin.Howard392@email.com,+33 186169319,FR,2026-09-30 17:00:00
cust_0933,Ursula,Richardson,Ursula.Richardson626@email.com,+61 5743641358,AU,2026-05-17 19:00:00
cust_0934,Mia,Carter,Mia.Carter671@email.com,+65 9638444665,SG,2026-12-11 16:00:00
cust_0935,York,Young,York.Young533@email.com,+33 4275825306,FR,2026-06-10 15:00:00
cust_0936,Bob,Gonzales,Bob.Gonzales9@email.com,+44 4356341182,UK,2026-02-20 15:00:00
cust_0937,Noah,Bryant,Noah.Bryant457@email.com,+33 9542320529,FR,2026-05-26 11:00:00
cust_0938,Yara,Davis,Yara.Davis25@email.com,+44 9123019204,UK,2026-03-03 08:00:00
cust_0939,Chloe,Martinez,Chloe.Martinez385@email.com,+1 3858297723,CA,2026-12-23 09:00:00
cust_0940,George,Phillips,George.Phillips479@email.com,+44 7048508690,UK,2026-05-22 19:00:00
cust_0941,Demi,Alexander,Demi.Alexander926@email.com,+33 1115252271,FR,2026-02-07 11:00:00
cust_0942,Zena,Moore,Zena.Moore392@email.com,+65 4562917235,SG,2026-05-16 09:00:00
cust_0943,Faith,Taylor,Faith.Taylor504@email.com,+49 6926193949,DE,2026-04-02 17:00:00
cust_0944,Luna,Harris,Luna.Harris148@email.com,+65 9537897457,SG,2026-11-26 08:00:00
cust_0945,Faith,Diaz,Faith.Diaz266@email.com,+44 159726408,UK,2026-02-06 16:00:00
cust_0946,Tara,Carter,Tara.Carter796@email.com,+81 2147611159,JP,2026-12-01 17:00:00
cust_0947,Alice,Davis,Alice.Davis681@email.com,+65 1154335983,SG,2026-12-25 12:00:00
cust_0948,Zara,Henderson,Zara.Henderson4@email.com,+81 6358560496,JP,2026-07-26 20:00:00
cust_0949,Tara,Woods,Tara.Woods832@email.com,+44 2329835182,UK,2026-01-02 13:00:00
cust_0950,Nathan,Woods,Nathan.Woods494@email.com,+44 5846509775,UK,2026-12-16 11:00:00
cust_0951,Adam,Moore,Adam.Moore648@email.com,+44 1470558581,UK,2026-08-24 19:00:00
cust_0952,York,Phillips,York.Phillips664@email.com,+49 9358504446,DE,2026-01-21 13:00:00
cust_0953,Jake,Young,Jake.Young307@email.com,+65 3860269395,SG,2026-11-19 18:00:00
cust_0954,Ursula,Ramirez,Ursula.Ramirez87@email.com,+81 3168193327,JP,2026-03-13 07:00:00
cust_0955,Yara,Brown,Yara.Brown738@email.com,+49 6406205104,DE,2026-02-02 19:00:00
cust_0956,Tyler,Washington,Tyler.Washington316@email.com,+81 4287072865,JP,2026-01-19 12:00:00
cust_0957,Henry,Stewart,Henry.Stewart807@email.com,+1 1751642976,US,2026-04-19 19:00:00
cust_0958,Isla,Foster,Isla.Foster536@email.com,+81 2314513663,JP,2026-10-24 10:00:00
cust_0959,Jack,Davis,Jack.Davis754@email.com,+1 4386842282,CA,2026-11-13 07:00:00
cust_0960,Fiona,Russell,Fiona.Russell665@email.com,+1 71698094,CA,2026-11-20 07:00:00
cust_0961,Nina,White,Nina.White468@email.com,+1 3521008639,CA,2026-02-28 14:00:00
cust_0962,Blake,Long,Blake.Long226@email.com,+44 3465101626,UK,2026-08-07 12:00:00
cust_0963,Uri,Gonzales,Uri.Gonzales412@email.com,+33 2354557360,FR,2026-06-14 20:00:00
cust_0964,Bella,Sullivan,Bella.Sullivan47@email.com,+1 1450977557,CA,2026-03-03 11:00:00
cust_0965,Sam,Graham,Sam.Graham426@email.com,+1 7295534922,CA,2026-10-11 09:00:00
cust_0966,Faith,Nelson,Faith.Nelson948@email.com,+1 582823571,US,2026-11-20 16:00:00
cust_0967,Xena,Woods,Xena.Woods162@email.com,+1 8082936225,US,2026-02-11 07:00:00
cust_0968,Alice,Hall,Alice.Hall949@email.com,+44 5523585010,UK,2026-12-22 19:00:00
cust_0969,York,Peterson,York.Peterson709@email.com,+1 895451419,CA,2026-11-24 11:00:00
cust_0970,Piper,Howard,Piper.Howard422@email.com,+49 4039064216,DE,2026-11-09 18:00:00
cust_0971,Eve,Perry,Eve.Perry185@email.com,+81 8977982724,JP,2026-06-04 12:00:00
cust_0972,Caleb,Johnson,Caleb.Johnson572@email.com,+49 834216542,DE,2026-09-29 08:00:00
cust_0973,Elena,Rogers,Elena.Rogers884@email.com,+49 5198787377,DE,2026-01-28 10:00:00
cust_0974,Olivia,Lewis,Olivia.Lewis702@email.com,+81 2146809970,JP,2026-03-23 17:00:00
cust_0975,Frank,Wilson,Frank.Wilson661@email.com,+33 1234342797,FR,2026-08-11 11:00:00
cust_0976,Ryan,Long,Ryan.Long825@email.com,+81 196047172,JP,2026-01-27 15:00:00
cust_0977,Wendy,Lee,Wendy.Lee805@email.com,+1 508495745,US,2026-05-01 18:00:00
cust_0978,Faith,Jenkins,Faith.Jenkins594@email.com,+33 1809875937,FR,2026-12-13 12:00:00
cust_0979,Diana,Woods,Diana.Woods113@email.com,+33 988316519,FR,2026-05-02 18:00:00
cust_0980,Brooke,King,Brooke.King385@email.com,+49 4620775014,DE,2026-10-27 14:00:00
cust_0981,Grace,Richardson,Grace.Richardson149@email.com,+49 1964170921,DE,2026-07-18 12:00:00
cust_0982,Rachel,Ward,Rachel.Ward738@email.com,+49 7019477336,DE,2026-05-19 10:00:00
cust_0983,Ryan,Martinez,Ryan.Martinez33@email.com,+1 1215185682,US,2026-02-26 20:00:00
cust_0984,Ian,Ward,Ian.Ward429@email.com,+1 7570600955,CA,2026-04-23 11:00:00
cust_0985,Chloe,Lee,Chloe.Lee809@email.com,+1 996563860,CA,2026-07-30 20:00:00
cust_0986,Piper,Ramirez,Piper.Ramirez883@email.com,+49 6845787787,DE,2026-08-25 11:00:00
cust_0987,Bob,Myers,Bob.Myers439@email.com,+49 5369395246,DE,2026-08-11 16:00:00
cust_0988,Chris,Jenkins,Chris.Jenkins969@email.com,+1 3867962086,CA,2026-08-02 07:00:00
cust_0989,Frank,Peterson,Frank.Peterson752@email.com,+1 5998559484,US,2026-12-23 20:00:00
cust_0990,Mia,Howard,Mia.Howard508@email.com,+49 8956809956,DE,2026-01-07 18:00:00
cust_0991,Tara,Bailey,Tara.Bailey973@email.com,+49 4874961001,DE,2026-06-01 10:00:00
cust_0992,Hugo,Jackson,Hugo.Jackson17@email.com,+81 7178453360,JP,2026-03-24 18:00:00
cust_0993,Holly,Henderson,Holly.Henderson766@email.com,+1 8498662593,US,2026-08-26 19:00:00
cust_0994,Rachel,Griffin,Rachel.Griffin416@email.com,+1 2730442203,CA,2026-11-18 08:00:00
cust_0995,Yusuf,Alexander,Yusuf.Alexander341@email.com,+1 5578811580,US,2026-05-19 18:00:00
cust_0996,Derek,Bennett,Derek.Bennett590@email.com,+49 8947651021,DE,2026-06-21 18:00:00
cust_0997,Henry,Brooks,Henry.Brooks969@email.com,+33 3823836089,FR,2026-02-26 13:00:00
cust_0998,Vince,Torres,Vince.Torres634@email.com,+1 5875083405,US,2026-03-31 17:00:00
cust_0999,Wade,Griffin,Wade.Griffin69@email.com,+49 1448512030,DE,2026-10-04 08:00:00
cust_1000,Isla,Gray,Isla.Gray756@email.com,+49 3277980072,DE,2026-06-14 12:00:00
